,date,Value,Prediction,station
0,2020-03-23,0.08333333333333333,0.0,A.I. Virtasen aukio
1,2020-03-24,0.08333333333333333,0.0,A.I. Virtasen aukio
2,2020-03-25,0.25,0.0,A.I. Virtasen aukio
3,2020-03-26,0.4166666666666667,0.0,A.I. Virtasen aukio
4,2020-03-27,0.25,0.0,A.I. Virtasen aukio
5,2020-03-28,0.5833333333333334,0.0,A.I. Virtasen aukio
6,2020-03-29,0.16666666666666666,0.0,A.I. Virtasen aukio
7,2020-03-30,0.25,0.0,A.I. Virtasen aukio
8,2020-03-31,0.6666666666666666,0.0,A.I. Virtasen aukio
9,2020-04-01,0.25,1.016870427361947,A.I. Virtasen aukio
10,2020-04-02,0.3333333333333333,0.5252730205370981,A.I. Virtasen aukio
11,2020-04-03,0.25,0.5504243774385619,A.I. Virtasen aukio
12,2020-04-04,0.4166666666666667,0.7311668366322155,A.I. Virtasen aukio
13,2020-04-05,0.4166666666666667,0.7988473488850198,A.I. Virtasen aukio
14,2020-04-06,0.4166666666666667,0.7932528291950415,A.I. Virtasen aukio
15,2020-04-07,0.4166666666666667,0.9450649021127732,A.I. Virtasen aukio
16,2020-04-08,1.1666666666666667,0.8812220995332424,A.I. Virtasen aukio
17,2020-04-09,1.0,1.1216137386783736,A.I. Virtasen aukio
18,2020-04-10,1.0833333333333333,0.9428398037879324,A.I. Virtasen aukio
19,2020-04-11,0.5833333333333334,0.9304023535210603,A.I. Virtasen aukio
20,2020-04-12,0.16666666666666666,0.3292911490780955,A.I. Virtasen aukio
21,2020-04-13,1.0,1.063891998218204,A.I. Virtasen aukio
22,2020-04-14,0.6666666666666666,0.5887320424019756,A.I. Virtasen aukio
23,2020-04-15,1.0,1.0166717008140422,A.I. Virtasen aukio
24,2020-04-16,0.5833333333333334,0.650654241729534,A.I. Virtasen aukio
25,2020-04-17,1.5,0.8326995075210023,A.I. Virtasen aukio
26,2020-04-18,0.5,1.0626113448066465,A.I. Virtasen aukio
27,2020-04-19,1.0,1.2981300424922695,A.I. Virtasen aukio
28,2020-04-20,0.9166666666666666,1.528267420181315,A.I. Virtasen aukio
29,2020-04-21,1.6666666666666667,1.8054052679295205,A.I. Virtasen aukio
30,2020-04-22,1.3333333333333333,1.3552790993653376,A.I. Virtasen aukio
31,2020-04-23,1.5833333333333333,1.779032038093077,A.I. Virtasen aukio
32,2020-04-24,1.6666666666666667,1.5349625222123695,A.I. Virtasen aukio
33,2020-04-25,0.8333333333333334,1.2803702300965867,A.I. Virtasen aukio
34,2020-04-26,1.25,1.3947167434757013,A.I. Virtasen aukio
35,2020-04-27,0.8333333333333334,1.3343761331143738,A.I. Virtasen aukio
36,2020-04-28,0.9166666666666666,1.1188704639958305,A.I. Virtasen aukio
37,2020-04-29,1.5,0.8115333794267084,A.I. Virtasen aukio
38,2020-04-30,2.75,1.0473559826799914,A.I. Virtasen aukio
39,2020-05-01,0.5,0.7689024673354958,A.I. Virtasen aukio
40,2020-05-02,0.75,1.4022246447145497,A.I. Virtasen aukio
41,2020-05-03,1.1666666666666667,1.3440681457731882,A.I. Virtasen aukio
42,2020-05-04,1.25,1.1398207342278683,A.I. Virtasen aukio
43,2020-05-05,2.0833333333333335,2.006363897771314,A.I. Virtasen aukio
44,2020-05-06,2.1666666666666665,2.126964898410597,A.I. Virtasen aukio
45,2020-05-07,2.25,1.9508444455795775,A.I. Virtasen aukio
46,2020-05-08,1.4166666666666667,1.6652750235082499,A.I. Virtasen aukio
47,2020-05-09,1.0,2.0302597163392755,A.I. Virtasen aukio
48,2020-05-10,1.0,1.792600502204694,A.I. Virtasen aukio
49,2020-05-11,1.0833333333333333,1.0339261860373672,A.I. Virtasen aukio
50,2020-05-12,1.4166666666666667,1.4263995116746184,A.I. Virtasen aukio
51,2020-05-13,1.8333333333333333,1.2273577318546554,A.I. Virtasen aukio
52,2020-05-14,1.4166666666666667,1.4033753161321634,A.I. Virtasen aukio
53,2020-05-15,0.0,0.4310603577446368,A.I. Virtasen aukio
54,2020-03-23,0.25,0.0,"Aalto-yliopisto (M), Korkeakouluaukio"
55,2020-03-24,2.25,0.0,"Aalto-yliopisto (M), Korkeakouluaukio"
56,2020-03-25,2.3333333333333335,0.0,"Aalto-yliopisto (M), Korkeakouluaukio"
57,2020-03-26,1.75,0.0,"Aalto-yliopisto (M), Korkeakouluaukio"
58,2020-03-27,3.0833333333333335,0.0,"Aalto-yliopisto (M), Korkeakouluaukio"
59,2020-03-28,2.8333333333333335,0.0,"Aalto-yliopisto (M), Korkeakouluaukio"
60,2020-03-29,3.25,0.0,"Aalto-yliopisto (M), Korkeakouluaukio"
61,2020-03-30,1.5,0.0,"Aalto-yliopisto (M), Korkeakouluaukio"
62,2020-03-31,2.3333333333333335,0.0,"Aalto-yliopisto (M), Korkeakouluaukio"
63,2020-04-01,3.6666666666666665,5.42205810546875,"Aalto-yliopisto (M), Korkeakouluaukio"
64,2020-04-02,2.0833333333333335,3.0744810104370117,"Aalto-yliopisto (M), Korkeakouluaukio"
65,2020-04-03,2.25,3.5953071117401123,"Aalto-yliopisto (M), Korkeakouluaukio"
66,2020-04-04,3.8333333333333335,4.956862449645996,"Aalto-yliopisto (M), Korkeakouluaukio"
67,2020-04-05,3.8333333333333335,5.32968807220459,"Aalto-yliopisto (M), Korkeakouluaukio"
68,2020-04-06,3.1666666666666665,3.9985389709472656,"Aalto-yliopisto (M), Korkeakouluaukio"
69,2020-04-07,3.0833333333333335,4.068730354309082,"Aalto-yliopisto (M), Korkeakouluaukio"
70,2020-04-08,3.9166666666666665,4.055992126464844,"Aalto-yliopisto (M), Korkeakouluaukio"
71,2020-04-09,4.5,5.130612373352051,"Aalto-yliopisto (M), Korkeakouluaukio"
72,2020-04-10,6.0,5.820601463317871,"Aalto-yliopisto (M), Korkeakouluaukio"
73,2020-04-11,5.083333333333333,5.340186595916748,"Aalto-yliopisto (M), Korkeakouluaukio"
74,2020-04-12,1.3333333333333333,1.5952743291854858,"Aalto-yliopisto (M), Korkeakouluaukio"
75,2020-04-13,5.333333333333333,5.458374500274658,"Aalto-yliopisto (M), Korkeakouluaukio"
76,2020-04-14,4.083333333333333,3.734356164932251,"Aalto-yliopisto (M), Korkeakouluaukio"
77,2020-04-15,4.333333333333333,4.862863063812256,"Aalto-yliopisto (M), Korkeakouluaukio"
78,2020-04-16,4.25,3.5210938453674316,"Aalto-yliopisto (M), Korkeakouluaukio"
79,2020-04-17,5.0,4.558748722076416,"Aalto-yliopisto (M), Korkeakouluaukio"
80,2020-04-18,7.416666666666667,5.233992099761963,"Aalto-yliopisto (M), Korkeakouluaukio"
81,2020-04-19,6.583333333333333,5.85293436050415,"Aalto-yliopisto (M), Korkeakouluaukio"
82,2020-04-20,4.75,6.044131278991699,"Aalto-yliopisto (M), Korkeakouluaukio"
83,2020-04-21,7.25,6.576242923736572,"Aalto-yliopisto (M), Korkeakouluaukio"
84,2020-04-22,6.0,5.760923862457275,"Aalto-yliopisto (M), Korkeakouluaukio"
85,2020-04-23,6.833333333333333,7.114307403564453,"Aalto-yliopisto (M), Korkeakouluaukio"
86,2020-04-24,5.916666666666667,6.557241916656494,"Aalto-yliopisto (M), Korkeakouluaukio"
87,2020-04-25,9.333333333333334,6.4722161293029785,"Aalto-yliopisto (M), Korkeakouluaukio"
88,2020-04-26,5.75,6.697193145751953,"Aalto-yliopisto (M), Korkeakouluaukio"
89,2020-04-27,5.416666666666667,6.553574085235596,"Aalto-yliopisto (M), Korkeakouluaukio"
90,2020-04-28,5.75,5.631311416625977,"Aalto-yliopisto (M), Korkeakouluaukio"
91,2020-04-29,4.833333333333333,4.120318412780762,"Aalto-yliopisto (M), Korkeakouluaukio"
92,2020-04-30,8.083333333333334,5.638841152191162,"Aalto-yliopisto (M), Korkeakouluaukio"
93,2020-05-01,6.416666666666667,6.5297017097473145,"Aalto-yliopisto (M), Korkeakouluaukio"
94,2020-05-02,5.833333333333333,6.449749946594238,"Aalto-yliopisto (M), Korkeakouluaukio"
95,2020-05-03,7.0,6.049739837646484,"Aalto-yliopisto (M), Korkeakouluaukio"
96,2020-05-04,6.0,5.529890537261963,"Aalto-yliopisto (M), Korkeakouluaukio"
97,2020-05-05,8.0,7.891030788421631,"Aalto-yliopisto (M), Korkeakouluaukio"
98,2020-05-06,8.75,8.845325469970703,"Aalto-yliopisto (M), Korkeakouluaukio"
99,2020-05-07,7.25,8.315499305725098,"Aalto-yliopisto (M), Korkeakouluaukio"
100,2020-05-08,8.0,7.579257965087891,"Aalto-yliopisto (M), Korkeakouluaukio"
101,2020-05-09,6.75,8.483931541442871,"Aalto-yliopisto (M), Korkeakouluaukio"
102,2020-05-10,6.583333333333333,7.75386905670166,"Aalto-yliopisto (M), Korkeakouluaukio"
103,2020-05-11,5.5,5.691373348236084,"Aalto-yliopisto (M), Korkeakouluaukio"
104,2020-05-12,6.583333333333333,7.190309524536133,"Aalto-yliopisto (M), Korkeakouluaukio"
105,2020-05-13,6.916666666666667,6.191783905029297,"Aalto-yliopisto (M), Korkeakouluaukio"
106,2020-05-14,6.0,6.822517395019531,"Aalto-yliopisto (M), Korkeakouluaukio"
107,2020-05-15,0.0,1.322350263595581,"Aalto-yliopisto (M), Korkeakouluaukio"
108,2020-03-23,0.3333333333333333,0.0,"Aalto-yliopisto (M), Tietotie"
109,2020-03-24,0.3333333333333333,0.0,"Aalto-yliopisto (M), Tietotie"
110,2020-03-25,0.25,0.0,"Aalto-yliopisto (M), Tietotie"
111,2020-03-26,1.0,0.0,"Aalto-yliopisto (M), Tietotie"
112,2020-03-27,0.5,0.0,"Aalto-yliopisto (M), Tietotie"
113,2020-03-28,0.5833333333333334,0.0,"Aalto-yliopisto (M), Tietotie"
114,2020-03-29,0.3333333333333333,0.0,"Aalto-yliopisto (M), Tietotie"
115,2020-03-30,0.4166666666666667,0.0,"Aalto-yliopisto (M), Tietotie"
116,2020-03-31,0.5833333333333334,0.0,"Aalto-yliopisto (M), Tietotie"
117,2020-04-01,0.8333333333333334,0.6779218985890855,"Aalto-yliopisto (M), Tietotie"
118,2020-04-02,0.5833333333333334,0.706192885084544,"Aalto-yliopisto (M), Tietotie"
119,2020-04-03,0.6666666666666666,0.583566553485783,"Aalto-yliopisto (M), Tietotie"
120,2020-04-04,0.3333333333333333,0.6013577773520976,"Aalto-yliopisto (M), Tietotie"
121,2020-04-05,0.3333333333333333,0.6261605037472496,"Aalto-yliopisto (M), Tietotie"
122,2020-04-06,0.6666666666666666,0.7734770779038941,"Aalto-yliopisto (M), Tietotie"
123,2020-04-07,0.5,0.8706820112194881,"Aalto-yliopisto (M), Tietotie"
124,2020-04-08,0.5833333333333334,0.81132794508094,"Aalto-yliopisto (M), Tietotie"
125,2020-04-09,0.75,0.8141962952830281,"Aalto-yliopisto (M), Tietotie"
126,2020-04-10,0.08333333333333333,0.35815592044913386,"Aalto-yliopisto (M), Tietotie"
127,2020-04-11,0.5833333333333334,0.6729163657955589,"Aalto-yliopisto (M), Tietotie"
128,2020-04-12,0.16666666666666666,0.4039369189848126,"Aalto-yliopisto (M), Tietotie"
129,2020-04-13,0.5,0.38035276673025437,"Aalto-yliopisto (M), Tietotie"
130,2020-04-14,0.6666666666666666,0.5582014093175295,"Aalto-yliopisto (M), Tietotie"
131,2020-04-15,0.5833333333333334,0.6544127469218394,"Aalto-yliopisto (M), Tietotie"
132,2020-04-16,0.5,0.6124374551367205,"Aalto-yliopisto (M), Tietotie"
133,2020-04-17,0.5,0.7165789117761925,"Aalto-yliopisto (M), Tietotie"
134,2020-04-18,0.6666666666666666,0.7943991079844622,"Aalto-yliopisto (M), Tietotie"
135,2020-04-19,0.5,0.8178707667917057,"Aalto-yliopisto (M), Tietotie"
136,2020-04-20,1.0833333333333333,0.9776168307158143,"Aalto-yliopisto (M), Tietotie"
137,2020-04-21,0.75,1.0203794996387088,"Aalto-yliopisto (M), Tietotie"
138,2020-04-22,0.8333333333333334,0.8611771163427008,"Aalto-yliopisto (M), Tietotie"
139,2020-04-23,0.4166666666666667,0.9112325062768972,"Aalto-yliopisto (M), Tietotie"
140,2020-04-24,0.4166666666666667,0.8476415336008839,"Aalto-yliopisto (M), Tietotie"
141,2020-04-25,0.5833333333333334,0.6813151642920804,"Aalto-yliopisto (M), Tietotie"
142,2020-04-26,0.5,0.7411941639786362,"Aalto-yliopisto (M), Tietotie"
143,2020-04-27,0.75,0.730789389627466,"Aalto-yliopisto (M), Tietotie"
144,2020-04-28,0.6666666666666666,0.6920761455026155,"Aalto-yliopisto (M), Tietotie"
145,2020-04-29,0.75,0.5943275244927106,"Aalto-yliopisto (M), Tietotie"
146,2020-04-30,0.5833333333333334,0.6302849146468746,"Aalto-yliopisto (M), Tietotie"
147,2020-05-01,0.5,0.5075534468106377,"Aalto-yliopisto (M), Tietotie"
148,2020-05-02,0.4166666666666667,0.9356227883740272,"Aalto-yliopisto (M), Tietotie"
149,2020-05-03,0.4166666666666667,0.9220684658585792,"Aalto-yliopisto (M), Tietotie"
150,2020-05-04,1.3333333333333333,0.818076988884187,"Aalto-yliopisto (M), Tietotie"
151,2020-05-05,1.0833333333333333,0.9858656511018221,"Aalto-yliopisto (M), Tietotie"
152,2020-05-06,1.1666666666666667,1.0742031060779602,"Aalto-yliopisto (M), Tietotie"
153,2020-05-07,1.4166666666666667,0.9753296587361905,"Aalto-yliopisto (M), Tietotie"
154,2020-05-08,1.0,0.9102013969450842,"Aalto-yliopisto (M), Tietotie"
155,2020-05-09,1.0,1.0165737926620302,"Aalto-yliopisto (M), Tietotie"
156,2020-05-10,0.75,0.9774668452564419,"Aalto-yliopisto (M), Tietotie"
157,2020-05-11,0.4166666666666667,0.7483181458223679,"Aalto-yliopisto (M), Tietotie"
158,2020-05-12,0.6666666666666666,0.7621724303531354,"Aalto-yliopisto (M), Tietotie"
159,2020-05-13,1.5833333333333333,0.7028183632677151,"Aalto-yliopisto (M), Tietotie"
160,2020-05-14,1.25,0.8184894295643094,"Aalto-yliopisto (M), Tietotie"
161,2020-05-15,0.0,0.3968395114844464,"Aalto-yliopisto (M), Tietotie"
162,2020-03-24,0.6666666666666666,0.0,Abraham Wetterin tie
163,2020-03-25,0.5,0.0,Abraham Wetterin tie
164,2020-03-26,0.75,0.0,Abraham Wetterin tie
165,2020-03-27,1.1666666666666667,0.0,Abraham Wetterin tie
166,2020-03-28,1.1666666666666667,0.0,Abraham Wetterin tie
167,2020-03-29,0.9166666666666666,0.0,Abraham Wetterin tie
168,2020-03-30,0.8333333333333334,0.0,Abraham Wetterin tie
169,2020-03-31,0.75,0.0,Abraham Wetterin tie
170,2020-04-01,1.8333333333333333,1.934231750956296,Abraham Wetterin tie
171,2020-04-02,0.6666666666666666,0.7594476980127224,Abraham Wetterin tie
172,2020-04-03,0.75,0.8473567654580264,Abraham Wetterin tie
173,2020-04-04,2.0833333333333335,1.9457715866150664,Abraham Wetterin tie
174,2020-04-05,1.6666666666666667,2.1986972687854798,Abraham Wetterin tie
175,2020-04-06,2.25,1.4228496517341582,Abraham Wetterin tie
176,2020-04-07,1.8333333333333333,1.7774687730223047,Abraham Wetterin tie
177,2020-04-08,2.0,1.8040928472243751,Abraham Wetterin tie
178,2020-04-09,1.6666666666666667,1.995820733713688,Abraham Wetterin tie
179,2020-04-10,2.0833333333333335,2.0265565629029836,Abraham Wetterin tie
180,2020-04-11,1.9166666666666667,2.0447679406553037,Abraham Wetterin tie
181,2020-04-12,0.5833333333333334,0.7043698718730318,Abraham Wetterin tie
182,2020-04-13,1.6666666666666667,1.7278921149570496,Abraham Wetterin tie
183,2020-04-14,1.0,0.6988153937401211,Abraham Wetterin tie
184,2020-04-15,0.9166666666666666,1.0876504088517083,Abraham Wetterin tie
185,2020-04-16,0.8333333333333334,0.7372717787947892,Abraham Wetterin tie
186,2020-04-17,1.5,1.801179597065346,Abraham Wetterin tie
187,2020-04-18,1.75,2.298827764226479,Abraham Wetterin tie
188,2020-04-19,1.9166666666666667,2.2814458799218604,Abraham Wetterin tie
189,2020-04-20,1.8333333333333333,2.4849866416093476,Abraham Wetterin tie
190,2020-04-21,2.6666666666666665,3.013251206943958,Abraham Wetterin tie
191,2020-04-22,2.3333333333333335,2.3366679911462036,Abraham Wetterin tie
192,2020-04-23,1.9166666666666667,2.8354531218065073,Abraham Wetterin tie
193,2020-04-24,1.8333333333333333,2.43576700889743,Abraham Wetterin tie
194,2020-04-25,2.3333333333333335,2.3334509914471053,Abraham Wetterin tie
195,2020-04-26,1.5833333333333333,2.2827462221975057,Abraham Wetterin tie
196,2020-04-27,1.5,2.306744231213386,Abraham Wetterin tie
197,2020-04-28,1.75,1.6010504348151808,Abraham Wetterin tie
198,2020-04-29,1.4166666666666667,0.8132510867574702,Abraham Wetterin tie
199,2020-04-30,2.9166666666666665,1.8363924190606447,Abraham Wetterin tie
200,2020-05-01,2.6666666666666665,2.9016416762835053,Abraham Wetterin tie
201,2020-05-02,1.8333333333333333,3.3321959968208876,Abraham Wetterin tie
202,2020-05-03,2.0,2.9497712051778406,Abraham Wetterin tie
203,2020-05-04,2.4166666666666665,2.431095778941246,Abraham Wetterin tie
204,2020-05-05,4.5,3.8505749528835467,Abraham Wetterin tie
205,2020-05-06,4.416666666666667,4.708038184035361,Abraham Wetterin tie
206,2020-05-07,6.5,4.376582583794298,Abraham Wetterin tie
207,2020-05-08,5.583333333333333,3.795441160812999,Abraham Wetterin tie
208,2020-05-09,15.75,4.501994522605629,Abraham Wetterin tie
209,2020-05-10,5.666666666666667,4.017456883857673,Abraham Wetterin tie
210,2020-05-11,0.5833333333333334,2.5887983215764305,Abraham Wetterin tie
211,2020-05-12,2.4166666666666665,3.2918206726825265,Abraham Wetterin tie
212,2020-05-13,3.5833333333333335,2.6217334384548354,Abraham Wetterin tie
213,2020-05-14,2.5833333333333335,3.3615286267506,Abraham Wetterin tie
214,2020-05-15,0.0,1.3247767284702263,Abraham Wetterin tie
215,2020-03-23,0.5,0.0,Agnetankuja
216,2020-03-24,0.3333333333333333,0.0,Agnetankuja
217,2020-03-25,0.4166666666666667,0.0,Agnetankuja
218,2020-03-26,0.9166666666666666,0.0,Agnetankuja
219,2020-03-27,0.6666666666666666,0.0,Agnetankuja
220,2020-03-28,1.4166666666666667,0.0,Agnetankuja
221,2020-03-29,1.4166666666666667,0.0,Agnetankuja
222,2020-03-30,0.8333333333333334,0.0,Agnetankuja
223,2020-03-31,0.6666666666666666,0.0,Agnetankuja
224,2020-04-01,1.0833333333333333,1.6499639144694145,Agnetankuja
225,2020-04-02,0.8333333333333334,1.7324324147183214,Agnetankuja
226,2020-04-03,0.5833333333333334,1.3747225887948604,Agnetankuja
227,2020-04-04,1.5833333333333333,1.4266208679752923,Agnetankuja
228,2020-04-05,1.75,1.4989722041488902,Agnetankuja
229,2020-04-06,1.3333333333333333,1.9287052428052167,Agnetankuja
230,2020-04-07,1.75,2.212259022176157,Agnetankuja
231,2020-04-08,1.4166666666666667,2.03911894378141,Agnetankuja
232,2020-04-09,1.5,2.0474861275509917,Agnetankuja
233,2020-04-10,1.1666666666666667,1.6104249800844748,Agnetankuja
234,2020-04-11,2.5,1.6353624154203743,Agnetankuja
235,2020-04-12,0.8333333333333334,1.7439714443983867,Agnetankuja
236,2020-04-13,3.0,1.675174776606559,Agnetankuja
237,2020-04-14,0.8333333333333334,1.3007306395401284,Agnetankuja
238,2020-04-15,0.8333333333333334,1.5813860287832062,Agnetankuja
239,2020-04-16,0.8333333333333334,1.4589410846853024,Agnetankuja
240,2020-04-17,1.0833333333333333,1.7627292013176483,Agnetankuja
241,2020-04-18,1.9166666666666667,1.9897363088129119,Agnetankuja
242,2020-04-19,2.5,2.058204825130811,Agnetankuja
243,2020-04-20,1.3333333333333333,2.5241955791005593,Agnetankuja
244,2020-04-21,2.8333333333333335,2.6489373589205933,Agnetankuja
245,2020-04-22,2.1666666666666665,2.184532560432839,Agnetankuja
246,2020-04-23,2.4166666666666665,2.330547731778577,Agnetankuja
247,2020-04-24,1.75,2.1450482923868006,Agnetankuja
248,2020-04-25,3.1666666666666665,1.65986231449578,Agnetankuja
249,2020-04-26,2.1666666666666665,1.8345336617920027,Agnetankuja
250,2020-04-27,2.25,1.8041821869219214,Agnetankuja
251,2020-04-28,2.25,1.6912528703853695,Agnetankuja
252,2020-04-29,1.1666666666666667,1.4061131149197923,Agnetankuja
253,2020-04-30,2.0,1.5110034072820726,Agnetankuja
254,2020-05-01,2.5,2.0462283059397284,Agnetankuja
255,2020-05-02,1.8333333333333333,2.401695938280717,Agnetankuja
256,2020-05-03,2.25,2.362157004967634,Agnetankuja
257,2020-05-04,2.5833333333333335,2.058806389801639,Agnetankuja
258,2020-05-05,2.4166666666666665,2.548257981244395,Agnetankuja
259,2020-05-06,2.0,2.805944688740709,Agnetankuja
260,2020-05-07,3.1666666666666665,2.517523733991751,Agnetankuja
261,2020-05-08,3.0833333333333335,2.3275399117224596,Agnetankuja
262,2020-05-09,4.583333333333333,2.6378358380449813,Agnetankuja
263,2020-05-10,3.0833333333333335,2.52375806073184,Agnetankuja
264,2020-05-11,0.9166666666666666,1.8553148290338095,Agnetankuja
265,2020-05-12,2.1666666666666665,1.8957287731123993,Agnetankuja
266,2020-05-13,1.6666666666666667,1.7225886919555586,Agnetankuja
267,2020-05-14,1.6666666666666667,2.0600095089194244,Agnetankuja
268,2020-05-15,0.0,0.9707607322525735,Agnetankuja
269,2020-03-23,0.3333333333333333,0.0,Agronominkatu
270,2020-03-24,0.4166666666666667,0.0,Agronominkatu
271,2020-03-25,0.3333333333333333,0.0,Agronominkatu
272,2020-03-26,0.25,0.0,Agronominkatu
273,2020-03-27,0.75,0.0,Agronominkatu
274,2020-03-28,1.0833333333333333,0.0,Agronominkatu
275,2020-03-29,0.5833333333333334,0.0,Agronominkatu
276,2020-03-30,0.6666666666666666,0.0,Agronominkatu
277,2020-03-31,0.5,0.0,Agronominkatu
278,2020-04-01,1.0833333333333333,1.0803698728847724,Agronominkatu
279,2020-04-02,1.1666666666666667,1.1359641698721135,Agronominkatu
280,2020-04-03,0.9166666666666666,0.894822082436825,Agronominkatu
281,2020-04-04,1.25,0.9298081478700584,Agronominkatu
282,2020-04-05,0.75,0.9785821847268678,Agronominkatu
283,2020-04-06,1.25,1.2682771119321077,Agronominkatu
284,2020-04-07,1.0,1.4594285573282546,Agronominkatu
285,2020-04-08,0.9166666666666666,1.3427100416569735,Agronominkatu
286,2020-04-09,1.6666666666666667,1.3483505916612757,Agronominkatu
287,2020-04-10,1.0,1.053715583621297,Agronominkatu
288,2020-04-11,1.0833333333333333,1.0705265985176786,Agronominkatu
289,2020-04-12,0.4166666666666667,1.1437429489337323,Agronominkatu
290,2020-04-13,1.3333333333333333,1.0973652123504964,Agronominkatu
291,2020-04-14,0.5833333333333334,0.8449420629248371,Agronominkatu
292,2020-04-15,0.5833333333333334,1.034139623370158,Agronominkatu
293,2020-04-16,0.9166666666666666,0.9515960998886879,Agronominkatu
294,2020-04-17,1.25,1.1563880716877333,Agronominkatu
295,2020-04-18,1.5,1.3094198415663938,Agronominkatu
296,2020-04-19,2.0,1.3555763621648191,Agronominkatu
297,2020-04-20,1.1666666666666667,1.6697136181032475,Agronominkatu
298,2020-04-21,1.25,1.7538055020724415,Agronominkatu
299,2020-04-22,1.25,1.4407373825898542,Agronominkatu
300,2020-04-23,0.6666666666666666,1.5391702481803746,Agronominkatu
301,2020-04-24,1.3333333333333333,1.414119945417431,Agronominkatu
302,2020-04-25,1.4166666666666667,1.0870426581191874,Agronominkatu
303,2020-04-26,2.25,1.2047934445098243,Agronominkatu
304,2020-04-27,1.0833333333333333,1.1843326758182842,Agronominkatu
305,2020-04-28,0.6666666666666666,1.108203900065584,Agronominkatu
306,2020-04-29,0.8333333333333334,0.9159833043180425,Agronominkatu
307,2020-04-30,1.3333333333333333,0.9866927515260988,Agronominkatu
308,2020-05-01,0.5833333333333334,1.3475026593234425,Agronominkatu
309,2020-05-02,0.6666666666666666,1.5871332220486798,Agronominkatu
310,2020-05-03,1.1666666666666667,1.5604789335077733,Agronominkatu
311,2020-05-04,1.5833333333333333,1.3559818935479069,Agronominkatu
312,2020-05-05,1.75,1.685934748922599,Agronominkatu
313,2020-05-06,1.9166666666666667,1.8596484857190931,Agronominkatu
314,2020-05-07,1.5833333333333333,1.665215942780996,Agronominkatu
315,2020-05-08,1.5833333333333333,1.5371425934882248,Agronominkatu
316,2020-05-09,2.5,1.7463216597968187,Agronominkatu
317,2020-05-10,2.1666666666666665,1.6694186748697148,Agronominkatu
318,2020-05-11,0.5,1.218802604127104,Agronominkatu
319,2020-05-12,1.4166666666666667,1.2460467616266788,Agronominkatu
320,2020-05-13,1.0833333333333333,1.1293282440933938,Agronominkatu
321,2020-05-14,1.75,1.356792949421888,Agronominkatu
322,2020-05-15,0.0,0.6091542093004834,Agronominkatu
323,2020-03-23,0.08333333333333333,0.0,Ahertajantie
324,2020-03-24,0.08333333333333333,0.0,Ahertajantie
325,2020-03-25,0.16666666666666666,0.0,Ahertajantie
326,2020-03-26,0.5833333333333334,0.0,Ahertajantie
327,2020-03-27,0.3333333333333333,0.0,Ahertajantie
328,2020-03-28,0.5833333333333334,0.0,Ahertajantie
329,2020-03-29,0.08333333333333333,0.0,Ahertajantie
330,2020-03-30,0.16666666666666666,0.0,Ahertajantie
331,2020-03-31,0.4166666666666667,0.0,Ahertajantie
332,2020-04-01,0.16666666666666666,0.7160382866859436,Ahertajantie
333,2020-04-02,0.4166666666666667,0.5590221881866455,Ahertajantie
334,2020-04-03,0.4166666666666667,0.46760013699531555,Ahertajantie
335,2020-04-04,0.08333333333333333,0.6393902897834778,Ahertajantie
336,2020-04-05,0.9166666666666666,0.6854497790336609,Ahertajantie
337,2020-04-06,0.25,0.6559410691261292,Ahertajantie
338,2020-04-07,0.8333333333333334,0.6697653532028198,Ahertajantie
339,2020-04-08,0.3333333333333333,0.6216394901275635,Ahertajantie
340,2020-04-09,0.6666666666666666,0.7429905533790588,Ahertajantie
341,2020-04-10,0.4166666666666667,0.5013077855110168,Ahertajantie
342,2020-04-11,0.25,0.7000344395637512,Ahertajantie
343,2020-04-12,0.25,0.3575265407562256,Ahertajantie
344,2020-04-13,0.6666666666666666,0.75157630443573,Ahertajantie
345,2020-04-14,0.25,0.4659026861190796,Ahertajantie
346,2020-04-15,0.6666666666666666,0.602100133895874,Ahertajantie
347,2020-04-16,0.25,0.4023839831352234,Ahertajantie
348,2020-04-17,1.1666666666666667,0.6343508362770081,Ahertajantie
349,2020-04-18,1.0,0.7149924635887146,Ahertajantie
350,2020-04-19,0.25,0.7797403335571289,Ahertajantie
351,2020-04-20,0.8333333333333334,0.9043691158294678,Ahertajantie
352,2020-04-21,0.5833333333333334,0.8703631162643433,Ahertajantie
353,2020-04-22,0.9166666666666666,0.7987390756607056,Ahertajantie
354,2020-04-23,0.8333333333333334,0.9252098202705383,Ahertajantie
355,2020-04-24,0.75,0.8657625317573547,Ahertajantie
356,2020-04-25,0.3333333333333333,0.7795718908309937,Ahertajantie
357,2020-04-26,0.4166666666666667,0.87408047914505,Ahertajantie
358,2020-04-27,0.9166666666666666,0.8470470309257507,Ahertajantie
359,2020-04-28,1.0,0.7552661895751953,Ahertajantie
360,2020-04-29,0.5,0.447752982378006,Ahertajantie
361,2020-04-30,1.0833333333333333,0.6822758316993713,Ahertajantie
362,2020-05-01,0.16666666666666666,0.2974947392940521,Ahertajantie
363,2020-05-02,0.4166666666666667,0.8347786068916321,Ahertajantie
364,2020-05-03,1.0,0.8259907960891724,Ahertajantie
365,2020-05-04,0.5,0.6937271356582642,Ahertajantie
366,2020-05-05,1.0833333333333333,0.8701781630516052,Ahertajantie
367,2020-05-06,0.8333333333333334,1.0825449228286743,Ahertajantie
368,2020-05-07,0.8333333333333334,0.9127793908119202,Ahertajantie
369,2020-05-08,0.9166666666666666,0.8941254615783691,Ahertajantie
370,2020-05-09,0.25,0.974572479724884,Ahertajantie
371,2020-05-10,0.9166666666666666,0.9610979557037354,Ahertajantie
372,2020-05-11,0.25,0.6317530870437622,Ahertajantie
373,2020-05-12,1.0,0.772595226764679,Ahertajantie
374,2020-05-13,0.8333333333333334,0.6150926351547241,Ahertajantie
375,2020-05-14,1.6666666666666667,0.7545353770256042,Ahertajantie
376,2020-05-15,0.0,0.15317857265472412,Ahertajantie
377,2020-03-25,0.16666666666666666,0.0,Alakiventie
378,2020-03-26,0.16666666666666666,0.0,Alakiventie
379,2020-03-27,0.16666666666666666,0.0,Alakiventie
380,2020-03-28,0.4166666666666667,0.0,Alakiventie
381,2020-03-29,0.3333333333333333,0.0,Alakiventie
382,2020-03-30,0.5,0.0,Alakiventie
383,2020-03-31,0.25,0.0,Alakiventie
384,2020-04-01,0.16666666666666666,0.5541091318562096,Alakiventie
385,2020-04-02,0.5,0.4362246180036636,Alakiventie
386,2020-04-03,0.16666666666666666,0.4717019942989696,Alakiventie
387,2020-04-04,0.5833333333333334,0.5748325155977053,Alakiventie
388,2020-04-05,0.5833333333333334,0.5958064645502298,Alakiventie
389,2020-04-06,0.5833333333333334,0.4497552480095575,Alakiventie
390,2020-04-07,0.5833333333333334,0.48931539509908006,Alakiventie
391,2020-04-08,0.5833333333333334,0.4984537250062358,Alakiventie
392,2020-04-09,0.6666666666666666,0.5347859742935414,Alakiventie
393,2020-04-10,0.25,0.5582950757832638,Alakiventie
394,2020-04-11,0.5,0.563984426357715,Alakiventie
395,2020-04-12,0.16666666666666666,0.41104998022519035,Alakiventie
396,2020-04-13,0.5,0.4992054305113092,Alakiventie
397,2020-04-14,0.3333333333333333,0.4447733777571694,Alakiventie
398,2020-04-15,0.25,0.44926885257345023,Alakiventie
399,2020-04-16,0.25,0.4227824207331481,Alakiventie
400,2020-04-17,0.4166666666666667,0.5574844188253315,Alakiventie
401,2020-04-18,0.3333333333333333,0.5998744955949837,Alakiventie
402,2020-04-19,0.5,0.5647508708744328,Alakiventie
403,2020-04-20,0.3333333333333333,0.5458256712070527,Alakiventie
404,2020-04-21,0.75,0.5788710663247731,Alakiventie
405,2020-04-22,0.4166666666666667,0.5314254273625934,Alakiventie
406,2020-04-23,0.3333333333333333,0.5760983885241165,Alakiventie
407,2020-04-24,0.3333333333333333,0.5791830508470047,Alakiventie
408,2020-04-25,0.5,0.5972902133971799,Alakiventie
409,2020-04-26,0.5833333333333334,0.5707915036045369,Alakiventie
410,2020-04-27,0.3333333333333333,0.5745401866809684,Alakiventie
411,2020-04-28,0.4166666666666667,0.5081472402974231,Alakiventie
412,2020-04-29,0.5,0.43043946708709097,Alakiventie
413,2020-04-30,0.5,0.5323933076133303,Alakiventie
414,2020-05-01,0.3333333333333333,0.5250850907796937,Alakiventie
415,2020-05-02,0.25,0.4833853016714154,Alakiventie
416,2020-05-03,0.3333333333333333,0.4309037545767385,Alakiventie
417,2020-05-04,0.25,0.3997621733264926,Alakiventie
418,2020-05-05,0.5833333333333334,0.49965252296641877,Alakiventie
419,2020-05-06,0.5,0.6145375895397931,Alakiventie
420,2020-05-07,0.4166666666666667,0.6110812349527017,Alakiventie
421,2020-05-08,0.5833333333333334,0.541231941661788,Alakiventie
422,2020-05-09,0.5833333333333334,0.6003166718981883,Alakiventie
423,2020-05-10,0.8333333333333334,0.5330123592933006,Alakiventie
424,2020-05-11,0.25,0.4558720367609504,Alakiventie
425,2020-05-12,0.25,0.5253602291425893,Alakiventie
426,2020-05-13,0.6666666666666666,0.44808234149641396,Alakiventie
427,2020-05-14,0.5833333333333334,0.5252054653628783,Alakiventie
428,2020-05-15,0.0,0.19959429269919463,Alakiventie
429,2020-03-23,0.5833333333333334,0.0,Albertinkatu
430,2020-03-24,0.5833333333333334,0.0,Albertinkatu
431,2020-03-25,1.1666666666666667,0.0,Albertinkatu
432,2020-03-26,1.6666666666666667,0.0,Albertinkatu
433,2020-03-27,2.0833333333333335,0.0,Albertinkatu
434,2020-03-28,2.0,0.0,Albertinkatu
435,2020-03-29,0.9166666666666666,0.0,Albertinkatu
436,2020-03-30,1.1666666666666667,0.0,Albertinkatu
437,2020-03-31,1.5833333333333333,0.0,Albertinkatu
438,2020-04-01,2.5833333333333335,3.806166165054893,Albertinkatu
439,2020-04-02,1.5833333333333333,2.4239958784083355,Albertinkatu
440,2020-04-03,1.8333333333333333,2.441967413196775,Albertinkatu
441,2020-04-04,3.25,3.370245786602562,Albertinkatu
442,2020-04-05,2.6666666666666665,3.6607517133409133,Albertinkatu
443,2020-04-06,2.9166666666666665,2.8030573278532827,Albertinkatu
444,2020-04-07,2.6666666666666665,3.2636986800306054,Albertinkatu
445,2020-04-08,2.8333333333333335,3.0815128884197502,Albertinkatu
446,2020-04-09,3.6666666666666665,3.9340099493246075,Albertinkatu
447,2020-04-10,2.9166666666666665,3.1410079339160277,Albertinkatu
448,2020-04-11,2.75,3.716351238088319,Albertinkatu
449,2020-04-12,1.0833333333333333,1.2793240393034302,Albertinkatu
450,2020-04-13,3.0,3.0933754563443485,Albertinkatu
451,2020-04-14,1.9166666666666667,2.3792325795765588,Albertinkatu
452,2020-04-15,3.3333333333333335,3.125417664928021,Albertinkatu
453,2020-04-16,2.0,1.9978772661509197,Albertinkatu
454,2020-04-17,4.5,3.5739867042540188,Albertinkatu
455,2020-04-18,5.833333333333333,4.236936946909456,Albertinkatu
456,2020-04-19,4.333333333333333,4.422835196342377,Albertinkatu
457,2020-04-20,3.0,4.829597171198725,Albertinkatu
458,2020-04-21,4.583333333333333,5.132554025068669,Albertinkatu
459,2020-04-22,3.8333333333333335,4.172489982159789,Albertinkatu
460,2020-04-23,5.666666666666667,5.179006000968876,Albertinkatu
461,2020-04-24,4.5,4.98420398558222,Albertinkatu
462,2020-04-25,5.25,4.509149883569587,Albertinkatu
463,2020-04-26,3.0,4.706003946870169,Albertinkatu
464,2020-04-27,5.166666666666667,4.580981099256942,Albertinkatu
465,2020-04-28,4.583333333333333,3.901173720356681,Albertinkatu
466,2020-04-29,4.083333333333333,2.4906226884598173,Albertinkatu
467,2020-04-30,5.333333333333333,3.6432287886502785,Albertinkatu
468,2020-05-01,4.5,4.472279337008177,Albertinkatu
469,2020-05-02,2.6666666666666665,4.673422820273502,Albertinkatu
470,2020-05-03,3.8333333333333335,4.3666333206191,Albertinkatu
471,2020-05-04,5.083333333333333,3.8247908470770575,Albertinkatu
472,2020-05-05,6.583333333333333,5.570677322872989,Albertinkatu
473,2020-05-06,7.25,6.781109300569827,Albertinkatu
474,2020-05-07,5.75,6.326280235351636,Albertinkatu
475,2020-05-08,7.0,5.501836968274749,Albertinkatu
476,2020-05-09,7.0,6.379159225815216,Albertinkatu
477,2020-05-10,3.0833333333333335,5.592818811945249,Albertinkatu
478,2020-05-11,2.9166666666666665,3.8054724164670923,Albertinkatu
479,2020-05-12,6.083333333333333,4.979218697121155,Albertinkatu
480,2020-05-13,5.0,4.0143356882601315,Albertinkatu
481,2020-05-14,5.5,4.913658373062428,Albertinkatu
482,2020-05-15,0.0,1.593180031527179,Albertinkatu
483,2020-03-23,1.0,0.0,Annankatu
484,2020-03-24,1.0,0.0,Annankatu
485,2020-03-25,0.8333333333333334,0.0,Annankatu
486,2020-03-26,1.0833333333333333,0.0,Annankatu
487,2020-03-27,1.3333333333333333,0.0,Annankatu
488,2020-03-28,1.0,0.0,Annankatu
489,2020-03-29,1.8333333333333333,0.0,Annankatu
490,2020-03-30,2.0,0.0,Annankatu
491,2020-03-31,1.8333333333333333,0.0,Annankatu
492,2020-04-01,1.9166666666666667,3.227973222732544,Annankatu
493,2020-04-02,2.4166666666666665,2.358851671218872,Annankatu
494,2020-04-03,2.0,2.209243059158325,Annankatu
495,2020-04-04,2.0,2.747788667678833,Annankatu
496,2020-04-05,2.25,2.810025215148926,Annankatu
497,2020-04-06,2.75,2.837526559829712,Annankatu
498,2020-04-07,2.6666666666666665,3.0927772521972656,Annankatu
499,2020-04-08,3.1666666666666665,3.0107297897338867,Annankatu
500,2020-04-09,4.5,3.3543941974639893,Annankatu
501,2020-04-10,1.75,1.9553489685058594,Annankatu
502,2020-04-11,3.6666666666666665,3.014669179916382,Annankatu
503,2020-04-12,0.5,0.6445451974868774,Annankatu
504,2020-04-13,2.4166666666666665,2.489952325820923,Annankatu
505,2020-04-14,2.0,2.2675933837890625,Annankatu
506,2020-04-15,2.9166666666666665,2.9370925426483154,Annankatu
507,2020-04-16,2.3333333333333335,2.1104512214660645,Annankatu
508,2020-04-17,2.9166666666666665,2.837981700897217,Annankatu
509,2020-04-18,3.75,3.199986219406128,Annankatu
510,2020-04-19,2.1666666666666665,3.554072141647339,Annankatu
511,2020-04-20,4.333333333333333,3.997438430786133,Annankatu
512,2020-04-21,3.0,4.441770553588867,Annankatu
513,2020-04-22,3.75,3.75173282623291,Annankatu
514,2020-04-23,4.583333333333333,4.456626892089844,Annankatu
515,2020-04-24,3.9166666666666665,3.9804189205169678,Annankatu
516,2020-04-25,4.0,3.5820937156677246,Annankatu
517,2020-04-26,1.9166666666666667,3.803635597229004,Annankatu
518,2020-04-27,4.083333333333333,3.6897530555725098,Annankatu
519,2020-04-28,3.6666666666666665,3.264153242111206,Annankatu
520,2020-04-29,3.0833333333333335,2.485971450805664,Annankatu
521,2020-04-30,3.8333333333333335,3.1675026416778564,Annankatu
522,2020-05-01,3.0833333333333335,3.1343882083892822,Annankatu
523,2020-05-02,2.25,4.019726276397705,Annankatu
524,2020-05-03,3.5,4.087327003479004,Annankatu
525,2020-05-04,3.5833333333333335,3.5718231201171875,Annankatu
526,2020-05-05,6.25,5.0174760818481445,Annankatu
527,2020-05-06,6.083333333333333,5.357113838195801,Annankatu
528,2020-05-07,4.75,4.89784574508667,Annankatu
529,2020-05-08,7.0,4.519174098968506,Annankatu
530,2020-05-09,4.583333333333333,5.125278472900391,Annankatu
531,2020-05-10,3.0,4.8644938468933105,Annankatu
532,2020-05-11,2.3333333333333335,3.1203207969665527,Annankatu
533,2020-05-12,5.583333333333333,4.015573978424072,Annankatu
534,2020-05-13,5.333333333333333,3.599247694015503,Annankatu
535,2020-05-14,5.666666666666667,3.998159408569336,Annankatu
536,2020-05-15,0.0,1.1934211254119873,Annankatu
537,2020-03-24,1.3333333333333333,0.0,Apollonkatu
538,2020-03-25,1.4166666666666667,0.0,Apollonkatu
539,2020-03-26,3.0,0.0,Apollonkatu
540,2020-03-27,2.6666666666666665,0.0,Apollonkatu
541,2020-03-28,4.083333333333333,0.0,Apollonkatu
542,2020-03-29,3.5833333333333335,0.0,Apollonkatu
543,2020-03-30,3.3333333333333335,0.0,Apollonkatu
544,2020-03-31,2.5833333333333335,0.0,Apollonkatu
545,2020-04-01,3.25,5.787362771293441,Apollonkatu
546,2020-04-02,3.4166666666666665,4.402204826947979,Apollonkatu
547,2020-04-03,2.6666666666666665,3.682354097671414,Apollonkatu
548,2020-04-04,5.416666666666667,5.317725280155248,Apollonkatu
549,2020-04-05,3.6666666666666665,5.861330839666766,Apollonkatu
550,2020-04-06,5.0,5.263721474073175,Apollonkatu
551,2020-04-07,6.166666666666667,6.7913038027397326,Apollonkatu
552,2020-04-08,6.25,6.329292864372721,Apollonkatu
553,2020-04-09,6.75,6.871563275385238,Apollonkatu
554,2020-04-10,4.25,5.711534921487928,Apollonkatu
555,2020-04-11,6.333333333333333,5.877129507511778,Apollonkatu
556,2020-04-12,2.0833333333333335,4.08566438088432,Apollonkatu
557,2020-04-13,5.916666666666667,5.097169992698103,Apollonkatu
558,2020-04-14,3.5,3.0489537381652063,Apollonkatu
559,2020-04-15,4.333333333333333,4.070861995731474,Apollonkatu
560,2020-04-16,4.166666666666667,3.2782624073560904,Apollonkatu
561,2020-04-17,6.666666666666667,6.2201425713910306,Apollonkatu
562,2020-04-18,8.083333333333334,7.594648554952731,Apollonkatu
563,2020-04-19,6.166666666666667,7.331835777057762,Apollonkatu
564,2020-04-20,6.25,8.655460821036227,Apollonkatu
565,2020-04-21,8.666666666666666,9.548640092216358,Apollonkatu
566,2020-04-22,7.75,7.2920178107543085,Apollonkatu
567,2020-04-23,8.833333333333334,8.422240171306191,Apollonkatu
568,2020-04-24,8.083333333333334,7.832433634237304,Apollonkatu
569,2020-04-25,2.6666666666666665,6.431696960862691,Apollonkatu
570,2020-04-26,5.583333333333333,6.653479458286866,Apollonkatu
571,2020-04-27,8.166666666666666,6.60284139887677,Apollonkatu
572,2020-04-28,8.0,5.278499102254366,Apollonkatu
573,2020-04-29,5.416666666666667,3.206134496184838,Apollonkatu
574,2020-04-30,9.416666666666666,5.005819191821224,Apollonkatu
575,2020-05-01,8.25,6.7301080925457955,Apollonkatu
576,2020-05-02,4.416666666666667,7.35432418824882,Apollonkatu
577,2020-05-03,8.666666666666666,6.477278551511314,Apollonkatu
578,2020-05-04,7.583333333333333,5.001125983425559,Apollonkatu
579,2020-05-05,7.833333333333333,8.084787119265995,Apollonkatu
580,2020-05-06,9.833333333333334,10.589055693750845,Apollonkatu
581,2020-05-07,8.333333333333334,9.555322600947814,Apollonkatu
582,2020-05-08,9.25,7.918995128089978,Apollonkatu
583,2020-05-09,11.166666666666666,9.813949956808305,Apollonkatu
584,2020-05-10,8.0,8.472800294611536,Apollonkatu
585,2020-05-11,6.666666666666667,5.0996018945705215,Apollonkatu
586,2020-05-12,9.333333333333334,6.220091206806217,Apollonkatu
587,2020-05-13,8.166666666666666,4.536247252975058,Apollonkatu
588,2020-05-14,9.833333333333334,6.7788683949827115,Apollonkatu
589,2020-05-15,0.0,2.6892461417204903,Apollonkatu
