,date,Value,Prediction
0,2017-05-02,0.6666666666666666,6.137767412628353
1,2017-05-03,2.5833333333333335,6.035656474351981
2,2017-05-04,2.6666666666666665,5.3393855651309865
3,2017-05-05,4.166666666666667,6.552418104220055
4,2017-05-06,3.0,6.558987657373408
5,2017-05-07,3.9166666666666665,5.227440177966449
6,2017-05-08,3.6666666666666665,4.489794994853123
7,2017-05-09,4.166666666666667,4.04929318410647
8,2017-05-10,4.583333333333333,3.872424386710311
9,2017-05-11,2.9166666666666665,4.153394116256603
10,2017-05-12,5.0,5.297172933868877
11,2017-05-13,4.75,5.626289278599974
12,2017-05-14,3.5833333333333335,6.2800652693766965
13,2017-05-15,5.25,5.873845789627417
14,2017-05-16,5.75,5.5295956058243485
15,2017-05-17,5.833333333333333,5.751192000895131
16,2017-05-18,4.666666666666667,4.825011630563129
17,2017-05-19,5.916666666666667,7.949560355227312
18,2017-05-20,6.25,8.018651610278434
19,2017-05-21,6.916666666666667,7.655789703520077
20,2017-05-22,7.833333333333333,7.690849392027022
21,2017-05-23,6.333333333333333,7.018535477286676
22,2017-05-24,6.75,6.307894676445091
23,2017-05-25,5.666666666666667,7.101177045513276
24,2017-05-26,6.666666666666667,7.882860964874353
25,2017-05-27,5.833333333333333,6.188910096886949
26,2017-05-28,4.916666666666667,6.7596377136043815
27,2017-05-29,7.0,7.135525039862543
28,2017-05-30,5.916666666666667,5.705026973089246
29,2017-05-31,0.0,5.624106434464814
30,2017-06-01,5.666666666666667,5.4198102928708645
31,2017-06-02,5.416666666666667,5.485178648511919
32,2017-06-03,5.5,6.789045677089283
33,2017-06-04,6.833333333333333,5.975172426986744
34,2017-06-05,3.25,4.66731055401126
35,2017-06-06,8.25,7.478173698594084
36,2017-06-07,9.583333333333334,8.171281676333544
37,2017-06-08,1.9166666666666667,4.725424476530292
38,2017-06-09,6.083333333333333,6.926049666341265
39,2017-06-10,6.083333333333333,8.212457512757073
40,2017-06-11,7.666666666666667,7.626899322782298
41,2017-06-12,2.0833333333333335,4.24321165500998
42,2017-06-13,6.083333333333333,5.129498563184022
43,2017-06-14,8.083333333333334,8.256067181382813
44,2017-06-15,9.583333333333334,7.827678590528115
45,2017-06-16,8.5,8.448070478511655
46,2017-06-17,6.25,8.535213215923825
47,2017-06-18,5.75,7.84434303684112
48,2017-06-19,10.916666666666666,8.829180097996424
49,2017-06-20,7.25,6.270547782676505
50,2017-06-21,6.166666666666667,6.638835666147031
51,2017-06-22,6.75,6.395626370933034
52,2017-06-23,3.25,4.12446590234653
53,2017-06-24,1.8333333333333333,3.5352124138944743
54,2017-06-25,5.166666666666667,6.267222760462034
55,2017-06-26,7.333333333333333,6.1291094892217
56,2017-06-27,8.166666666666666,6.978268411852338
57,2017-06-28,9.5,8.178190550388932
58,2017-06-29,8.5,8.436696857801502
59,2017-06-30,0.0,7.726931156196088
60,2017-07-01,5.5,5.763194357573859
61,2017-07-02,6.083333333333333,7.315888541690389
62,2017-07-03,6.916666666666667,6.17169850014934
63,2017-07-04,7.5,5.934252032472915
64,2017-07-05,7.583333333333333,6.834155643965112
65,2017-07-06,7.916666666666667,6.435112659933644
66,2017-07-07,6.166666666666667,7.72638050619567
67,2017-07-08,7.666666666666667,7.994626876519295
68,2017-07-09,6.25,8.045393465024764
69,2017-07-10,7.666666666666667,7.701957882457996
70,2017-07-11,6.916666666666667,5.64093199256511
71,2017-07-12,9.166666666666666,6.259725023412547
72,2017-07-13,5.083333333333333,5.145131292822405
73,2017-07-14,7.583333333333333,7.679711340601749
74,2017-07-15,6.75,8.267115784467727
75,2017-07-16,5.75,8.19124634571944
76,2017-07-17,5.833333333333333,6.122144778111198
77,2017-07-18,8.416666666666666,7.494414102398445
78,2017-07-19,7.833333333333333,6.766784417346493
79,2017-07-20,7.0,7.39739147617275
80,2017-07-21,9.416666666666666,7.859392166745713
81,2017-07-22,4.25,7.448938967524998
82,2017-07-23,6.25,7.865464114527452
83,2017-07-24,6.416666666666667,7.058946275145831
84,2017-07-25,9.333333333333334,7.081549027060727
85,2017-07-26,9.0,7.511859200618239
86,2017-07-27,9.333333333333334,7.919970703092541
87,2017-07-28,7.25,6.48382523780602
88,2017-07-29,6.416666666666667,7.242155453077164
89,2017-07-30,8.083333333333334,7.333944306100428
90,2017-07-31,0.0,6.561858351960932
91,2017-08-01,8.916666666666666,8.056242931575186
92,2017-08-02,6.833333333333333,7.133660054250385
93,2017-08-03,9.166666666666666,7.853377519524624
94,2017-08-04,6.916666666666667,6.2393731191802075
95,2017-08-05,5.5,7.026285145394137
96,2017-08-06,3.9166666666666665,5.791353437437493
97,2017-08-07,6.666666666666667,6.804053259171113
98,2017-08-08,9.416666666666666,8.066337788323802
99,2017-08-09,11.166666666666666,7.9633072439230554
100,2017-08-10,9.583333333333334,7.7381063397003125
101,2017-08-11,8.083333333333334,7.528778968690765
102,2017-08-12,7.75,6.7676190997909655
103,2017-08-13,6.583333333333333,7.128895953731219
104,2017-08-14,9.583333333333334,8.081311859729022
105,2017-08-15,9.333333333333334,7.7445243450853525
106,2017-08-16,9.833333333333334,7.855572800686256
107,2017-08-17,7.166666666666667,7.934826058572457
108,2017-08-18,7.25,7.441605737823553
109,2017-08-19,5.416666666666667,6.764786790344992
110,2017-08-20,7.166666666666667,7.341433553968184
111,2017-08-21,7.75,6.91090270016467
112,2017-08-22,6.666666666666667,6.973258625160342
113,2017-08-23,8.75,6.775980593131007
114,2017-08-24,9.0,6.594252188790571
115,2017-08-25,5.083333333333333,5.202562338480361
116,2017-08-26,6.166666666666667,5.807886198482156
117,2017-08-27,6.666666666666667,6.0517852281468585
118,2017-08-28,7.583333333333333,6.416364218066049
119,2017-08-29,7.833333333333333,6.791274056921419
120,2017-08-30,9.5,6.847687187386701
121,2017-08-31,0.0,6.3419911841187995
122,2017-09-01,7.416666666666667,6.394756660684396
123,2017-09-02,4.833333333333333,5.782120379196731
124,2017-09-03,6.166666666666667,5.978817314926919
125,2017-09-04,7.166666666666667,6.158585430722373
126,2017-09-05,6.333333333333333,5.964020137198767
127,2017-09-06,7.75,5.845054304221597
128,2017-09-07,5.833333333333333,4.172035091534095
129,2017-09-08,4.5,4.9611967482648875
130,2017-09-09,4.0,3.9000153625423013
131,2017-09-10,2.9166666666666665,4.588340243174197
132,2017-09-11,7.0,5.481665533922072
133,2017-09-12,3.9166666666666665,4.88621460171747
134,2017-09-13,5.666666666666667,5.492214458536954
135,2017-09-14,4.583333333333333,4.426337487187539
136,2017-09-15,5.666666666666667,5.345477401195674
137,2017-09-16,4.25,4.897837686232126
138,2017-09-17,4.916666666666667,5.5307981682237575
139,2017-09-18,4.583333333333333,4.880406146393135
140,2017-09-19,5.833333333333333,4.935820500025503
141,2017-09-20,4.5,4.539466987423789
142,2017-09-21,6.75,5.349469661404658
143,2017-09-22,4.666666666666667,4.132571191060338
144,2017-09-23,3.5833333333333335,5.026662239000113
145,2017-09-24,5.0,5.274239296650638
146,2017-09-25,5.0,5.571147902969492
147,2017-09-26,5.25,4.791805463523235
148,2017-09-27,5.25,5.10882613912531
149,2017-09-28,6.166666666666667,5.103407272610757
150,2017-09-29,5.333333333333333,4.983506227911419
151,2017-09-30,0.0,4.663186691964804
152,2017-10-01,3.6666666666666665,4.626783202504749
153,2017-10-02,5.0,4.326080747410276
154,2017-10-03,2.0,2.5844961958324197
155,2017-10-04,4.25,3.4475660980135667
156,2017-10-05,3.3333333333333335,3.4511627328033025
157,2017-10-06,3.0833333333333335,3.3312748879317677
158,2017-10-07,3.5,3.9501668112896553
159,2017-10-08,2.4166666666666665,2.7219454718187346
160,2017-10-09,1.75,2.7593445333769235
161,2017-10-10,1.3333333333333333,2.5511716604632477
162,2017-10-11,3.6666666666666665,3.012352068184644
163,2017-10-12,1.25,2.567542048550421
164,2017-10-13,3.3333333333333335,3.732351182784934
165,2017-10-14,1.25,3.0486706455345303
166,2017-10-15,2.75,4.138327224519299
167,2017-10-16,3.6666666666666665,4.1335632071882795
168,2017-10-17,2.8333333333333335,3.653537590029897
169,2017-10-18,4.083333333333333,3.9170529914731507
170,2017-10-19,3.5,3.6835101883347074
171,2017-10-20,3.6666666666666665,3.2451850054811797
172,2017-10-21,2.5,2.6971179327801376
173,2017-10-22,1.75,2.5568057687215453
174,2017-10-23,2.5833333333333335,2.8677482514755366
175,2017-10-24,1.6666666666666667,2.8113246245981465
176,2017-10-25,2.25,2.0821587390956093
177,2017-10-26,0.5833333333333334,1.053236919615494
178,2017-10-27,0.8333333333333334,1.989882351278028
179,2017-10-28,0.8333333333333334,1.5164159241731667
180,2017-10-29,0.9166666666666666,1.3381118259405846
181,2017-10-30,1.75,1.6803713594217211
182,2017-10-31,0.0,2.39906849302092
183,2017-11-01,0.0,0.0
184,2017-11-02,0.0,0.0
185,2017-11-03,0.0,0.0
186,2017-11-04,0.0,0.0
187,2017-11-05,0.0,0.0
188,2017-11-06,0.0,0.0
189,2017-11-07,0.0,0.0
190,2017-11-08,0.0,0.0
191,2017-11-09,0.0,0.0
192,2017-11-10,0.0,0.0
193,2017-11-11,0.0,0.0
194,2017-11-12,0.0,0.0
195,2017-11-13,0.0,0.0
196,2017-11-14,0.0,0.0
197,2017-11-15,0.0,0.0
198,2017-11-16,0.0,0.0
199,2017-11-17,0.0,0.0
200,2017-11-18,0.0,0.0
201,2017-11-19,0.0,0.0
202,2017-11-20,0.0,0.0
203,2017-11-21,0.0,0.0
204,2017-11-22,0.0,0.0
205,2017-11-23,0.0,0.0
206,2017-11-24,0.0,0.0
207,2017-11-25,0.0,0.0
208,2017-11-26,0.0,0.0
209,2017-11-27,0.0,0.0
210,2017-11-28,0.0,0.0
211,2017-11-29,0.0,0.0
212,2017-11-30,0.0,0.0
213,2017-12-01,0.0,0.0
214,2017-12-02,0.0,0.0
215,2017-12-03,0.0,0.0
216,2017-12-04,0.0,0.0
217,2017-12-05,0.0,0.0
218,2017-12-06,0.0,0.0
219,2017-12-07,0.0,0.0
220,2017-12-08,0.0,0.0
221,2017-12-09,0.0,0.0
222,2017-12-10,0.0,0.0
223,2017-12-11,0.0,0.0
224,2017-12-12,0.0,0.0
225,2017-12-13,0.0,0.0
226,2017-12-14,0.0,0.0
227,2017-12-15,0.0,0.0
228,2017-12-16,0.0,0.0
229,2017-12-17,0.0,0.0
230,2017-12-18,0.0,0.0
231,2017-12-19,0.0,0.0
232,2017-12-20,0.0,0.0
233,2017-12-21,0.0,0.0
234,2017-12-22,0.0,0.0
235,2017-12-23,0.0,0.0
236,2017-12-24,0.0,0.0
237,2017-12-25,0.0,0.0
238,2017-12-26,0.0,0.0
239,2017-12-27,0.0,0.0
240,2017-12-28,0.0,0.0
241,2017-12-29,0.0,0.0
242,2017-12-30,0.0,0.0
243,2017-12-31,0.0,0.0
244,2018-01-01,0.0,0.0
245,2018-01-02,0.0,0.0
246,2018-01-03,0.0,0.0
247,2018-01-04,0.0,0.0
248,2018-01-05,0.0,0.0
249,2018-01-06,0.0,0.0
250,2018-01-07,0.0,0.0
251,2018-01-08,0.0,0.0
252,2018-01-09,0.0,0.0
253,2018-01-10,0.0,0.0
254,2018-01-20,0.0,0.0
255,2018-01-30,0.0,0.0
256,2018-01-31,0.0,0.0
257,2018-02-01,0.0,0.0
258,2018-02-02,0.0,0.0
259,2018-02-03,0.0,0.0
260,2018-02-04,0.0,0.0
261,2018-02-05,0.0,0.0
262,2018-02-06,0.0,0.0
263,2018-02-07,0.0,0.0
264,2018-02-08,0.0,0.0
265,2018-02-09,0.0,0.0
266,2018-02-10,0.0,0.0
267,2018-02-11,0.0,0.0
268,2018-02-12,0.0,0.0
269,2018-02-13,0.0,0.0
270,2018-02-14,0.0,0.0
271,2018-02-15,0.0,0.0
272,2018-02-16,0.0,0.0
273,2018-02-17,0.0,0.0
274,2018-02-18,0.0,0.0
275,2018-02-19,0.0,0.0
276,2018-02-20,0.0,0.0
277,2018-02-21,0.0,0.0
278,2018-02-22,0.0,0.0
279,2018-02-23,0.0,0.0
280,2018-02-24,0.0,0.0
281,2018-02-25,0.0,0.0
282,2018-02-26,0.0,0.0
283,2018-02-27,0.0,0.0
284,2018-02-28,0.0,0.0
285,2018-03-01,0.0,0.0
286,2018-03-02,0.0,0.0
287,2018-03-03,0.0,0.0
288,2018-03-04,0.0,0.0
289,2018-03-05,0.0,0.0
290,2018-03-06,0.0,0.0
291,2018-03-07,0.0,0.0
292,2018-03-08,0.0,0.0
293,2018-03-09,0.0,0.0
294,2018-03-10,0.0,0.0
295,2018-03-11,0.0,0.0
296,2018-03-12,0.0,0.0
297,2018-03-13,0.0,0.0
298,2018-03-14,0.0,0.0
299,2018-03-15,0.0,0.0
300,2018-03-16,0.0,0.0
301,2018-03-17,0.0,0.0
302,2018-03-18,0.0,0.0
303,2018-03-19,0.0,0.0
304,2018-03-20,0.0,0.0
305,2018-03-21,0.0,0.0
306,2018-03-22,0.0,0.0
307,2018-03-23,0.0,0.0
308,2018-03-24,0.0,0.0
309,2018-03-25,0.0,0.0
310,2018-03-26,0.0,0.0
311,2018-03-27,0.0,0.0
312,2018-03-28,0.0,0.0
313,2018-03-29,0.0,0.0
314,2018-03-30,0.0,0.0
315,2018-03-31,0.0,0.0
316,2018-04-01,0.0,2.3396515299464844
317,2018-04-02,0.0,1.1453157418712365
318,2018-04-03,0.25,3.2942819726820485
319,2018-04-04,0.8333333333333334,2.99221714429987
320,2018-04-05,1.6666666666666667,2.7784384760490277
321,2018-04-06,2.5,2.8348457432287746
322,2018-04-07,1.9166666666666667,3.7758245724772252
323,2018-04-08,3.25,4.219579664614076
324,2018-04-09,4.333333333333333,4.369802651927622
325,2018-04-10,3.5,4.277119999781122
326,2018-04-11,4.583333333333333,4.314311998913266
327,2018-04-12,6.666666666666667,4.824630944208779
328,2018-04-13,5.75,5.01746804586418
329,2018-04-14,4.75,5.101306710569552
330,2018-04-15,4.333333333333333,4.905794760685096
331,2018-04-16,5.333333333333333,3.891793366990731
332,2018-04-17,6.333333333333333,4.766561186241689
333,2018-04-18,7.75,5.232252138090526
334,2018-04-19,6.5,6.351447382841019
335,2018-04-20,6.666666666666667,5.184678763670685
336,2018-04-21,6.833333333333333,5.263840342717212
337,2018-04-22,4.583333333333333,4.154105368349779
338,2018-04-23,5.416666666666667,3.8459913924810913
339,2018-04-24,4.75,3.8888785899856457
340,2018-04-25,5.5,3.6841034502257597
341,2018-04-26,4.25,4.738996010497381
342,2018-04-27,6.083333333333333,4.160018515860715
343,2018-04-28,5.0,4.58188252277136
344,2018-04-29,5.0,3.8917125664392866
345,2018-04-30,5.916666666666667,4.83028586823396
346,2018-05-01,4.0,4.094997741577187
347,2018-05-02,5.75,4.3052868186385
348,2018-05-03,3.8333333333333335,4.791297122059936
349,2018-05-04,6.833333333333333,5.508019925001698
350,2018-05-05,6.25,6.305641141948663
351,2018-05-06,8.5,6.181616326795491
352,2018-05-07,7.583333333333333,6.724411286902807
353,2018-05-08,7.916666666666667,7.112935827755195
354,2018-05-09,8.416666666666666,6.6210168427371565
355,2018-05-10,8.166666666666666,6.642990963865913
356,2018-05-11,10.0,7.719423254122425
357,2018-05-12,8.666666666666666,8.456436689478588
358,2018-05-13,8.166666666666666,8.972671962268338
359,2018-05-14,10.333333333333334,9.623630986485674
360,2018-05-15,9.583333333333334,9.759030404937592
361,2018-05-16,12.083333333333334,8.844943150162818
362,2018-05-17,12.166666666666666,8.74596452739633
363,2018-05-18,8.916666666666666,8.081832375134026
364,2018-05-19,13.0,8.404866106325125
365,2018-05-20,11.083333333333334,8.303869288467538
366,2018-05-21,8.583333333333334,8.709865114017905
367,2018-05-22,9.583333333333334,8.764902159457591
368,2018-05-23,8.5,9.200742084521854
369,2018-05-24,11.083333333333334,8.651350210788591
370,2018-05-25,11.583333333333334,8.911485178448244
371,2018-05-26,10.583333333333334,8.96230092232783
372,2018-05-27,10.333333333333334,9.240928108571628
373,2018-05-28,12.0,8.963113699426037
374,2018-05-29,12.25,9.195928414170455
375,2018-05-30,10.083333333333334,9.501747349067807
376,2018-05-31,13.333333333333334,8.203825369356265
377,2018-06-01,12.916666666666666,9.067393641591236
378,2018-06-02,9.25,8.750858173977651
379,2018-06-03,10.75,9.824035124183045
380,2018-06-04,9.25,9.22253781178465
381,2018-06-05,7.916666666666667,6.678767311281301
382,2018-06-06,11.25,6.888785821351491
383,2018-06-07,9.083333333333334,6.959569746106286
384,2018-06-08,11.166666666666666,7.260581251425394
385,2018-06-09,10.25,8.261944465131505
386,2018-06-10,8.75,7.9482145155451605
387,2018-06-11,12.75,8.243777538297351
388,2018-06-12,11.166666666666666,8.84392382814571
389,2018-06-13,11.333333333333334,8.611346798943634
390,2018-06-14,13.916666666666666,8.389000879782055
391,2018-06-15,9.833333333333334,8.358570484318879
392,2018-06-16,10.083333333333334,8.543228698682592
393,2018-06-17,8.5,8.52118801474606
394,2018-06-18,11.75,8.002328023308436
395,2018-06-19,9.166666666666666,6.931160147424432
396,2018-06-20,8.916666666666666,7.724521876923842
397,2018-06-21,7.916666666666667,5.6216209589828035
398,2018-06-22,3.3333333333333335,3.5383757404350944
399,2018-06-23,4.916666666666667,4.412289393316931
400,2018-06-24,5.416666666666667,7.51714231365115
401,2018-06-25,9.25,7.008363918699776
402,2018-06-26,10.75,8.041252659303078
403,2018-06-27,14.666666666666666,8.342357730880142
404,2018-06-28,11.5,8.528598282880678
405,2018-06-29,7.833333333333333,7.125147839855277
406,2018-06-30,9.166666666666666,8.04868272581466
407,2018-07-01,7.083333333333333,8.11379798656822
408,2018-07-02,7.25,5.799597184264858
409,2018-07-03,6.416666666666667,4.569113105510593
410,2018-07-04,10.166666666666666,7.243828270065248
411,2018-07-05,7.416666666666667,6.408440302984712
412,2018-07-06,7.416666666666667,7.260911563267733
413,2018-07-07,8.666666666666666,8.110265526371984
414,2018-07-08,8.333333333333334,8.082089555890342
415,2018-07-09,9.916666666666666,8.07160447234378
416,2018-07-10,10.333333333333334,7.835436630427956
417,2018-07-11,9.25,8.036722075452017
418,2018-07-12,9.5,8.396762783567922
419,2018-07-13,8.0,8.755291171801288
420,2018-07-14,8.666666666666666,8.715652495618414
421,2018-07-15,7.75,9.057250555283533
422,2018-07-16,9.916666666666666,9.297272642675155
423,2018-07-17,10.166666666666666,9.19790681339371
424,2018-07-18,8.416666666666666,8.76836460449107
425,2018-07-19,9.833333333333334,8.836756175656435
426,2018-07-20,7.166666666666667,7.40399434859414
427,2018-07-21,6.0,7.307930341343396
428,2018-07-22,6.833333333333333,7.736256989029794
429,2018-07-23,8.666666666666666,8.26485021737466
430,2018-07-24,10.083333333333334,8.343169849434446
431,2018-07-25,8.666666666666666,8.926487704117791
432,2018-07-26,11.75,8.829949154941241
433,2018-07-27,11.166666666666666,8.584787537541576
434,2018-07-28,10.083333333333334,8.259002659220366
435,2018-07-29,6.666666666666667,7.933556686204317
436,2018-07-30,10.416666666666666,8.177808127552266
437,2018-07-31,10.416666666666666,8.667752726972834
438,2018-08-01,10.666666666666666,8.887537065798211
439,2018-08-02,9.5,9.061792202310912
440,2018-08-03,10.25,8.855252933638566
441,2018-08-04,7.666666666666667,8.531790383959182
442,2018-08-05,10.666666666666666,8.389246110359725
443,2018-08-06,7.666666666666667,8.231963580787038
444,2018-08-07,8.5,8.583436133075608
445,2018-08-08,12.0,8.5867717777061
446,2018-08-09,7.583333333333333,8.931224569333342
447,2018-08-10,9.333333333333334,8.397874890151753
448,2018-08-11,9.666666666666666,8.33766647511555
449,2018-08-12,8.083333333333334,7.145508536855995
450,2018-08-13,9.75,8.187289541549573
451,2018-08-14,10.75,8.293551869501949
452,2018-08-15,11.583333333333334,8.279098601950919
453,2018-08-16,11.833333333333334,8.119874672743453
454,2018-08-17,13.166666666666666,8.196059670279732
455,2018-08-18,11.083333333333334,8.099544982992983
456,2018-08-19,11.833333333333334,7.814661938600641
457,2018-08-20,3.9166666666666665,5.303817128277727
458,2018-08-21,10.833333333333334,7.5936352007199845
459,2018-08-22,10.25,8.008584296558007
460,2018-08-23,10.166666666666666,7.449024873081105
461,2018-08-24,8.5,7.612649786003412
462,2018-08-25,7.0,7.110694804421665
463,2018-08-26,6.583333333333333,6.003446073882426
464,2018-08-27,8.583333333333334,7.194688163958531
465,2018-08-28,8.0,7.402366744530884
466,2018-08-29,8.416666666666666,8.103323939470277
467,2018-08-30,7.333333333333333,6.6937826823765185
468,2018-08-31,9.5,7.675364541073194
469,2018-09-01,8.0,6.419551711086903
470,2018-09-02,6.666666666666667,6.834753339956767
471,2018-09-03,6.5,6.546960557576895
472,2018-09-04,6.833333333333333,6.272755594639137
473,2018-09-05,7.0,6.618310677436379
474,2018-09-06,8.75,6.880080487310898
475,2018-09-07,8.333333333333334,6.536787201077696
476,2018-09-08,7.75,7.222959292248425
477,2018-09-09,7.083333333333333,6.634821807731364
478,2018-09-10,6.25,6.393204577599138
479,2018-09-11,4.75,5.834047066083837
480,2018-09-12,7.5,6.161433500895947
481,2018-09-13,7.666666666666667,6.43135625769019
482,2018-09-14,7.416666666666667,6.25793961481331
483,2018-09-15,5.416666666666667,4.641186620369541
484,2018-09-16,5.083333333333333,5.600340269228187
485,2018-09-17,5.0,4.821659293133478
486,2018-09-18,6.0,5.140885202362665
487,2018-09-19,8.583333333333334,5.372755178089823
488,2018-09-20,5.833333333333333,5.559205182928506
489,2018-09-21,8.5,6.0677819079719955
490,2018-09-22,5.0,5.580330400088979
491,2018-09-23,5.25,5.13775143659401
492,2018-09-24,6.666666666666667,5.1957115611449325
493,2018-09-25,4.833333333333333,5.269125496646796
494,2018-09-26,3.4166666666666665,4.054367267119187
495,2018-09-27,4.583333333333333,5.300040718477556
496,2018-09-28,6.416666666666667,5.250838871444541
497,2018-09-29,5.0,4.638246687726133
498,2018-09-30,4.333333333333333,4.356283129230557
499,2018-10-01,5.333333333333333,4.363016992232331
500,2018-10-02,3.75,4.098419044279022
501,2018-10-03,2.25,2.5016821279181136
502,2018-10-04,4.166666666666667,3.369235979171595
503,2018-10-05,4.5,3.3595745232321126
504,2018-10-06,4.166666666666667,4.19547960446592
505,2018-10-07,3.75,3.691308044993685
506,2018-10-08,3.4166666666666665,2.9775565166433413
507,2018-10-09,3.9166666666666665,2.8399847798946687
508,2018-10-10,5.916666666666667,4.636125272886492
509,2018-10-11,5.833333333333333,3.9088105274394356
510,2018-10-12,5.416666666666667,3.574471834572629
511,2018-10-13,4.083333333333333,3.966252554207507
512,2018-10-14,4.833333333333333,4.313067000488405
513,2018-10-15,3.75,4.334564801401259
514,2018-10-16,4.5,4.033512044900065
515,2018-10-17,5.416666666666667,3.59638111734262
516,2018-10-18,4.166666666666667,3.3559480074484243
517,2018-10-19,3.9166666666666665,4.340388050881763
518,2018-10-20,4.75,4.0916274196984554
519,2018-10-21,3.6666666666666665,3.6865353082796926
520,2018-10-22,4.666666666666667,3.844348744288626
521,2018-10-23,2.4166666666666665,3.413942385231813
522,2018-10-24,3.5,2.7204289022461494
523,2018-10-25,4.5,3.235962689493985
524,2018-10-26,3.75,2.511151341570221
525,2018-10-27,1.5,1.8660758737965555
526,2018-10-28,2.75,2.2994255088448092
527,2018-10-29,1.1666666666666667,2.1428375922922047
528,2018-10-30,2.0,1.930893214560515
529,2018-10-31,2.75,3.008670612667984
530,2018-11-01,0.0,0.0
531,2018-11-02,0.0,0.0
532,2018-11-03,0.0,0.0
533,2018-11-04,0.0,0.0
534,2018-11-05,0.0,0.0
535,2018-11-06,0.0,0.0
536,2018-11-07,0.0,0.0
537,2018-11-08,0.0,0.0
538,2018-11-09,0.0,0.0
539,2018-11-10,0.0,0.0
540,2018-11-11,0.0,0.0
541,2018-11-12,0.0,0.0
542,2018-11-13,0.0,0.0
543,2018-11-14,0.0,0.0
544,2018-11-15,0.0,0.0
545,2018-11-16,0.0,0.0
546,2018-11-17,0.0,0.0
547,2018-11-18,0.0,0.0
548,2018-11-19,0.0,0.0
549,2018-11-20,0.0,0.0
550,2018-11-21,0.0,0.0
551,2018-11-22,0.0,0.0
552,2018-11-23,0.0,0.0
553,2018-11-24,0.0,0.0
554,2018-11-25,0.0,0.0
555,2018-11-26,0.0,0.0
556,2018-11-27,0.0,0.0
557,2018-11-28,0.0,0.0
558,2018-11-29,0.0,0.0
559,2018-11-30,0.0,0.0
560,2018-12-01,0.0,0.0
561,2018-12-02,0.0,0.0
562,2018-12-03,0.0,0.0
563,2018-12-04,0.0,0.0
564,2018-12-05,0.0,0.0
565,2018-12-06,0.0,0.0
566,2018-12-07,0.0,0.0
567,2018-12-08,0.0,0.0
568,2018-12-09,0.0,0.0
569,2018-12-10,0.0,0.0
570,2018-12-11,0.0,0.0
571,2018-12-12,0.0,0.0
572,2018-12-13,0.0,0.0
573,2018-12-14,0.0,0.0
574,2018-12-15,0.0,0.0
575,2018-12-16,0.0,0.0
576,2018-12-17,0.0,0.0
577,2018-12-18,0.0,0.0
578,2018-12-19,0.0,0.0
579,2018-12-20,0.0,0.0
580,2018-12-21,0.0,0.0
581,2018-12-22,0.0,0.0
582,2018-12-23,0.0,0.0
583,2018-12-24,0.0,0.0
584,2018-12-25,0.0,0.0
585,2018-12-26,0.0,0.0
586,2018-12-27,0.0,0.0
587,2018-12-28,0.0,0.0
588,2018-12-29,0.0,0.0
589,2018-12-30,0.0,0.0
590,2018-12-31,0.0,0.0
591,2019-01-01,0.0,0.0
592,2019-01-02,0.0,0.0
593,2019-01-03,0.0,0.0
594,2019-01-04,0.0,0.0
595,2019-01-05,0.0,0.0
596,2019-01-06,0.0,0.0
597,2019-01-07,0.0,0.0
598,2019-01-08,0.0,0.0
599,2019-01-09,0.0,0.0
600,2019-01-10,0.0,0.0
601,2019-01-20,0.0,0.0
602,2019-01-30,0.0,0.0
603,2019-01-31,0.0,0.0
604,2019-02-01,0.0,0.0
605,2019-02-02,0.0,0.0
606,2019-02-03,0.0,0.0
607,2019-02-04,0.0,0.0
608,2019-02-05,0.0,0.0
609,2019-02-06,0.0,0.0
610,2019-02-07,0.0,0.0
611,2019-02-08,0.0,0.0
612,2019-02-09,0.0,0.0
613,2019-02-10,0.0,0.0
614,2019-02-11,0.0,0.0
615,2019-02-12,0.0,0.0
616,2019-02-13,0.0,0.0
617,2019-02-14,0.0,0.0
618,2019-02-15,0.0,0.0
619,2019-02-16,0.0,0.0
620,2019-02-17,0.0,0.0
621,2019-02-18,0.0,0.0
622,2019-02-19,0.0,0.0
623,2019-02-20,0.0,0.0
624,2019-02-21,0.0,0.0
625,2019-02-22,0.0,0.0
626,2019-02-23,0.0,0.0
627,2019-02-24,0.0,0.0
628,2019-02-25,0.0,0.0
629,2019-02-26,0.0,0.0
630,2019-02-27,0.0,0.0
631,2019-02-28,0.0,0.0
632,2019-03-01,0.0,0.0
633,2019-03-02,0.0,0.0
634,2019-03-03,0.0,0.0
635,2019-03-04,0.0,0.0
636,2019-03-05,0.0,0.0
637,2019-03-06,0.0,0.0
638,2019-03-07,0.0,0.0
639,2019-03-08,0.0,0.0
640,2019-03-09,0.0,0.0
641,2019-03-10,0.0,0.0
642,2019-03-11,0.0,0.0
643,2019-03-12,0.0,0.0
644,2019-03-13,0.0,0.0
645,2019-03-14,0.0,0.0
646,2019-03-15,0.0,0.0
647,2019-03-16,0.0,0.0
648,2019-03-17,0.0,0.0
649,2019-03-18,0.0,0.0
650,2019-03-19,0.0,0.0
651,2019-03-20,0.0,0.0
652,2019-03-21,0.0,0.0
653,2019-03-22,0.0,0.0
654,2019-03-23,0.0,0.0
655,2019-03-24,0.0,0.0
656,2019-03-25,0.0,0.0
657,2019-03-26,0.0,0.0
658,2019-03-27,0.0,0.0
659,2019-03-28,0.0,0.0
660,2019-03-29,0.0,0.0
661,2019-03-30,0.0,0.0
662,2019-03-31,0.0,0.0
663,2019-04-01,2.25,3.8227574258083474
664,2019-04-02,2.1666666666666665,3.7346082776412612
665,2019-04-03,3.0,4.428157737902985
666,2019-04-04,3.6666666666666665,4.962782560304944
667,2019-04-05,4.916666666666667,4.863173124906324
668,2019-04-06,5.416666666666667,4.803794169112958
669,2019-04-07,5.0,4.848205668708533
670,2019-04-08,2.8333333333333335,2.8746930231862695
671,2019-04-09,3.5833333333333335,2.7815747992524322
672,2019-04-10,3.0833333333333335,3.012081025329914
673,2019-04-11,4.0,3.835079494486205
674,2019-04-12,5.583333333333333,4.146810850094252
675,2019-04-13,5.25,4.624704794820445
676,2019-04-14,3.9166666666666665,4.935113449235227
677,2019-04-15,5.25,5.121897796248239
678,2019-04-16,6.083333333333333,5.603511693945349
679,2019-04-17,5.666666666666667,5.400743009268132
680,2019-04-18,7.416666666666667,5.976192237772693
681,2019-04-19,4.916666666666667,6.360276016327153
682,2019-04-20,5.75,5.663179565507746
683,2019-04-21,6.0,4.450517892876108
684,2019-04-22,5.5,5.439830397883721
685,2019-04-23,8.583333333333334,6.626961781567773
686,2019-04-24,8.25,6.489521529541681
687,2019-04-25,7.5,7.316622291335787
688,2019-04-26,5.083333333333333,6.5310846707225645
689,2019-04-27,10.333333333333334,7.166692262974601
690,2019-04-28,5.166666666666667,4.608253786429217
691,2019-04-29,6.833333333333333,5.132388644164727
692,2019-04-30,7.083333333333333,5.347592897653146
693,2019-05-01,6.416666666666667,5.431053253002648
694,2019-05-02,3.4166666666666665,3.3866953498607018
695,2019-05-03,5.5,3.4528196635903297
696,2019-05-04,4.25,3.2732367872285533
697,2019-05-05,6.166666666666667,4.542055995302252
698,2019-05-06,6.5,5.35286152025926
699,2019-05-07,8.25,5.193963352019892
700,2019-05-08,8.333333333333334,5.3745379179360535
701,2019-05-09,7.416666666666667,6.284789797466597
702,2019-05-10,4.583333333333333,4.558090456347384
703,2019-05-11,3.0833333333333335,4.107752563943266
704,2019-05-12,5.083333333333333,5.266256754327047
705,2019-05-13,6.25,6.014624282283698
706,2019-05-14,8.0,6.286295224301433
707,2019-05-15,5.5,6.397952207297126
708,2019-05-16,7.0,7.135331506880935
709,2019-05-17,8.333333333333334,8.168042445929466
710,2019-05-18,9.25,8.531819940392413
711,2019-05-19,10.333333333333334,8.427410932500939
712,2019-05-20,9.083333333333334,8.30468135125109
713,2019-05-21,8.25,8.610239319387802
714,2019-05-22,7.916666666666667,8.209340115790924
715,2019-05-23,7.833333333333333,5.9407810184773515
716,2019-05-24,8.25,4.836380764219785
717,2019-05-25,6.75,4.700706327414963
718,2019-05-26,4.583333333333333,4.12301748030096
719,2019-05-27,7.583333333333333,5.360131280704067
720,2019-05-28,5.916666666666667,5.13728802047249
721,2019-05-29,8.916666666666666,6.190294683680797
722,2019-05-30,7.416666666666667,6.588582961081788
723,2019-05-31,9.083333333333334,6.366069516107558
724,2019-06-01,5.083333333333333,5.9021175234826755
725,2019-06-02,6.666666666666667,6.677380619866979
726,2019-06-03,7.083333333333333,7.373776836969824
727,2019-06-04,7.916666666666667,7.838936294793082
728,2019-06-05,9.333333333333334,8.462383752432613
729,2019-06-06,11.0,8.465173097764817
730,2019-06-07,8.666666666666666,8.631237765501712
731,2019-06-08,8.166666666666666,8.575628343216009
732,2019-06-09,8.5,7.503873567146524
733,2019-06-10,7.666666666666667,8.07767418139019
734,2019-06-11,9.333333333333334,8.632092971441287
735,2019-06-12,9.25,7.738025828261196
736,2019-06-13,7.333333333333333,6.619785687934112
737,2019-06-14,7.666666666666667,5.829523943364099
738,2019-06-15,8.333333333333334,7.897166734671207
739,2019-06-16,8.833333333333334,8.322865283545694
740,2019-06-17,10.166666666666666,8.30483889629617
741,2019-06-18,8.0,8.04099492407554
742,2019-06-19,8.916666666666666,8.19041254216385
743,2019-06-20,8.0,8.407895165209807
744,2019-06-21,3.8333333333333335,5.434133602101127
745,2019-06-22,4.166666666666667,5.4731399834371075
746,2019-06-23,5.5,8.425785993572855
747,2019-06-24,9.833333333333334,8.876080827289796
748,2019-06-25,7.916666666666667,8.605271131168678
749,2019-06-26,6.916666666666667,7.238519958648759
750,2019-06-27,8.75,7.426763424421611
751,2019-06-28,6.916666666666667,8.76397436845008
752,2019-06-29,7.5,8.17662031026438
753,2019-06-30,7.416666666666667,8.341781074165775
754,2019-07-01,8.833333333333334,7.1048757137523
755,2019-07-02,6.083333333333333,5.979173847309127
756,2019-07-03,6.416666666666667,7.393475859555814
757,2019-07-04,7.583333333333333,6.862124093759939
758,2019-07-05,5.916666666666667,5.2079215423074565
759,2019-07-06,4.916666666666667,5.74337405774735
760,2019-07-07,5.666666666666667,5.853294359196795
761,2019-07-08,5.5,6.079877582809625
762,2019-07-09,5.916666666666667,5.5556045864420724
763,2019-07-10,8.666666666666666,7.891934930313259
764,2019-07-11,8.083333333333334,6.333021712298863
765,2019-07-12,6.916666666666667,7.439392378978226
766,2019-07-13,5.833333333333333,7.847863574949646
767,2019-07-14,5.416666666666667,7.801716814271802
768,2019-07-15,7.5,7.44242365602632
769,2019-07-16,5.666666666666667,6.588035771368898
770,2019-07-17,8.583333333333334,7.948381241922415
771,2019-07-18,7.916666666666667,8.006752910481659
772,2019-07-19,6.75,8.154995803814783
773,2019-07-20,8.166666666666666,8.101395946336275
774,2019-07-21,7.416666666666667,8.227967972826292
775,2019-07-22,7.0,7.669739251969169
776,2019-07-23,8.083333333333334,8.502371518603175
777,2019-07-24,9.0,8.615716660040254
778,2019-07-25,9.25,8.585376318303336
779,2019-07-26,7.083333333333333,8.263224741394112
780,2019-07-27,9.166666666666666,8.939043214416092
781,2019-07-28,8.333333333333334,8.21479008393491
782,2019-07-29,7.25,8.165196054692192
783,2019-07-30,8.833333333333334,7.064855423250322
784,2019-07-31,8.833333333333334,7.97522224186222
785,2019-08-01,7.75,8.210307298390648
786,2019-08-02,6.666666666666667,8.285551090406072
787,2019-08-03,8.166666666666666,7.619378049755568
788,2019-08-04,8.25,7.844708312423715
789,2019-08-05,8.333333333333334,8.281602640226632
790,2019-08-06,5.666666666666667,7.607943051894953
791,2019-08-07,8.916666666666666,7.283225317788958
792,2019-08-08,8.333333333333334,7.496235805156842
793,2019-08-09,8.25,7.893941971972407
794,2019-08-10,9.25,7.921296216984511
795,2019-08-11,4.5,6.753973971001401
796,2019-08-12,5.916666666666667,7.237774000003906
797,2019-08-13,7.833333333333333,7.375422697760482
798,2019-08-14,8.083333333333334,7.660619470207696
799,2019-08-15,8.0,8.118035205088612
800,2019-08-16,6.916666666666667,7.769510086670806
801,2019-08-17,7.666666666666667,8.115774707673966
802,2019-08-18,7.166666666666667,8.10974814973293
803,2019-08-19,5.333333333333333,7.001254863981367
804,2019-08-20,9.5,7.301884520118758
805,2019-08-21,7.75,7.149258485860195
806,2019-08-22,5.916666666666667,7.61181434099695
807,2019-08-23,3.1666666666666665,5.523339297037764
808,2019-08-24,5.0,7.934606607321282
809,2019-08-25,7.333333333333333,7.805079026871148
810,2019-08-26,8.833333333333334,7.630745562090715
811,2019-08-27,7.0,7.448553724930623
812,2019-08-28,6.416666666666667,7.795773291019025
813,2019-08-29,8.0,7.841211841164459
814,2019-08-30,6.166666666666667,7.084121710826516
815,2019-08-31,6.083333333333333,7.704462696286229
816,2019-09-01,5.583333333333333,7.049628977483541
817,2019-09-02,4.75,6.278350347219324
818,2019-09-03,7.333333333333333,7.088648815186944
819,2019-09-04,7.666666666666667,6.849313938875067
820,2019-09-05,4.916666666666667,5.990397850616454
821,2019-09-06,8.666666666666666,6.203648017312464
822,2019-09-07,4.75,5.831790758249507
823,2019-09-08,4.25,6.3111408042941335
824,2019-09-09,5.583333333333333,6.243719794830458
825,2019-09-10,4.583333333333333,7.167664352539252
826,2019-09-11,4.833333333333333,6.168373524553665
827,2019-09-12,5.75,5.915820198162336
828,2019-09-13,5.25,5.105416896359901
829,2019-09-14,4.916666666666667,5.6906588269852065
830,2019-09-15,3.5,4.207706950427175
831,2019-09-16,4.0,4.582531011601566
832,2019-09-17,4.666666666666667,5.099659381894704
833,2019-09-18,3.5833333333333335,5.059736149321554
834,2019-09-19,6.333333333333333,5.059361141233576
835,2019-09-20,4.916666666666667,5.27763132245407
836,2019-09-21,4.333333333333333,4.043325527971955
837,2019-09-22,3.5,4.796504841877802
838,2019-09-23,5.166666666666667,4.804746255055973
839,2019-09-24,3.5,4.7495161040592455
840,2019-09-25,3.6666666666666665,4.491306056808866
841,2019-09-26,4.416666666666667,5.625241255679867
842,2019-09-27,7.166666666666667,4.839189982968274
843,2019-09-28,5.333333333333333,4.985147728669978
844,2019-09-29,4.333333333333333,4.228582462875763
845,2019-09-30,3.9166666666666665,4.185976945410551
846,2019-10-01,3.0833333333333335,3.7133830842167668
847,2019-10-02,5.0,3.949382418701893
848,2019-10-03,2.0,2.46270258819127
849,2019-10-04,3.1666666666666665,2.1406534921509066
850,2019-10-05,3.0833333333333335,3.011556302598336
851,2019-10-06,3.25,3.3079172027916233
852,2019-10-07,1.8333333333333333,3.4279183281325554
853,2019-10-08,4.0,3.531403701791175
854,2019-10-09,4.5,3.594463848114643
855,2019-10-10,4.25,3.5888174979584266
856,2019-10-11,3.6666666666666665,3.045347949244524
857,2019-10-12,2.4166666666666665,3.3477721253281203
858,2019-10-13,4.0,4.014046857858617
859,2019-10-14,1.4166666666666667,2.6724783946496653
860,2019-10-15,3.25,4.016831725675048
861,2019-10-16,3.1666666666666665,2.686235658695678
862,2019-10-17,2.4166666666666665,1.9659569212769477
863,2019-10-18,2.75,3.1298136206868956
864,2019-10-19,3.1666666666666665,3.362763266973657
865,2019-10-20,2.75,3.332714666896539
866,2019-10-21,2.6666666666666665,3.472688120969447
867,2019-10-22,2.8333333333333335,3.622684249797869
868,2019-10-23,2.4166666666666665,3.964336207048581
869,2019-10-24,3.25,4.096137304081608
870,2019-10-25,2.1666666666666665,3.164349840453696
871,2019-10-26,1.75,2.91656474347241
872,2019-10-27,1.75,1.8825529934803056
873,2019-10-28,1.8333333333333333,2.3180301496268827
874,2019-10-29,2.0833333333333335,2.3308961293693313
875,2019-10-30,2.4166666666666665,2.686880047536022
876,2019-10-31,1.6666666666666667,2.9098178130581487
877,2019-11-01,0.0,0.0
878,2019-11-02,0.0,0.0
879,2019-11-03,0.0,0.0
880,2019-11-04,0.0,0.0
881,2019-11-05,0.0,0.0
882,2019-11-06,0.0,0.0
883,2019-11-07,0.0,0.0
884,2019-11-08,0.0,0.0
885,2019-11-09,0.0,0.0
886,2019-11-10,0.0,0.0
887,2019-11-11,0.0,0.0
888,2019-11-12,0.0,0.0
889,2019-11-13,0.0,0.0
890,2019-11-14,0.0,0.0
891,2019-11-15,0.0,0.0
892,2019-11-16,0.0,0.0
893,2019-11-17,0.0,0.0
894,2019-11-18,0.0,0.0
895,2019-11-19,0.0,0.0
896,2019-11-20,0.0,0.0
897,2019-11-21,0.0,0.0
898,2019-11-22,0.0,0.0
899,2019-11-23,0.0,0.0
900,2019-11-24,0.0,0.0
901,2019-11-25,0.0,0.0
902,2019-11-26,0.0,0.0
903,2019-11-27,0.0,0.0
904,2019-11-28,0.0,0.0
905,2019-11-29,0.0,0.0
906,2019-11-30,0.0,0.0
907,2019-12-01,0.0,0.0
908,2019-12-02,0.0,0.0
909,2019-12-03,0.0,0.0
910,2019-12-04,0.0,0.0
911,2019-12-05,0.0,0.0
912,2019-12-06,0.0,0.0
913,2019-12-07,0.0,0.0
914,2019-12-08,0.0,0.0
915,2019-12-09,0.0,0.0
916,2019-12-10,0.0,0.0
917,2019-12-11,0.0,0.0
918,2019-12-12,0.0,0.0
919,2019-12-13,0.0,0.0
920,2019-12-14,0.0,0.0
921,2019-12-15,0.0,0.0
922,2019-12-16,0.0,0.0
923,2019-12-17,0.0,0.0
924,2019-12-18,0.0,0.0
925,2019-12-19,0.0,0.0
926,2019-12-20,0.0,0.0
927,2019-12-21,0.0,0.0
928,2019-12-22,0.0,0.0
929,2019-12-23,0.0,0.0
930,2019-12-24,0.0,0.0
931,2019-12-25,0.0,0.0
932,2019-12-26,0.0,0.0
933,2019-12-27,0.0,0.0
934,2019-12-28,0.0,0.0
935,2019-12-29,0.0,0.0
936,2019-12-30,0.0,0.0
937,2019-12-31,0.0,0.0
938,2020-01-01,0.0,0.0
939,2020-01-02,0.0,0.0
940,2020-01-03,0.0,0.0
941,2020-01-04,0.0,0.0
942,2020-01-05,0.0,0.0
943,2020-01-06,0.0,0.0
944,2020-01-07,0.0,0.0
945,2020-01-08,0.0,0.0
946,2020-01-09,0.0,0.0
947,2020-01-10,0.0,0.0
948,2020-01-20,0.0,0.0
949,2020-01-30,0.0,0.0
950,2020-01-31,0.0,0.0
951,2020-02-01,0.0,0.0
952,2020-02-02,0.0,0.0
953,2020-02-03,0.0,0.0
954,2020-02-04,0.0,0.0
955,2020-02-05,0.0,0.0
956,2020-02-06,0.0,0.0
957,2020-02-07,0.0,0.0
958,2020-02-08,0.0,0.0
959,2020-02-09,0.0,0.0
960,2020-02-10,0.0,0.0
961,2020-02-11,0.0,0.0
962,2020-02-12,0.0,0.0
963,2020-02-13,0.0,0.0
964,2020-02-14,0.0,0.0
965,2020-02-15,0.0,0.0
966,2020-02-16,0.0,0.0
967,2020-02-17,0.0,0.0
968,2020-02-18,0.0,0.0
969,2020-02-19,0.0,0.0
970,2020-02-20,0.0,0.0
971,2020-02-21,0.0,0.0
972,2020-02-22,0.0,0.0
973,2020-02-23,0.0,0.0
974,2020-02-24,0.0,0.0
975,2020-02-25,0.0,0.0
976,2020-02-26,0.0,0.0
977,2020-02-27,0.0,0.0
978,2020-02-28,0.0,0.0
979,2020-02-29,0.0,0.0
980,2020-03-01,0.0,0.0
981,2020-03-02,0.0,0.0
982,2020-03-03,0.0,0.0
983,2020-03-04,0.0,0.0
984,2020-03-05,0.0,0.0
985,2020-03-06,0.0,0.0
986,2020-03-07,0.0,0.0
987,2020-03-08,0.0,0.0
988,2020-03-09,0.0,0.0
989,2020-03-10,0.0,0.0
990,2020-03-11,0.0,0.0
991,2020-03-12,0.0,0.0
992,2020-03-13,0.0,0.0
993,2020-03-14,0.0,0.0
994,2020-03-15,0.0,0.0
995,2020-03-16,0.0,0.0
996,2020-03-17,0.0,0.0
997,2020-03-18,0.0,0.0
998,2020-03-19,0.0,0.0
999,2020-03-20,0.0,0.0
1000,2020-03-21,0.0,0.0
1001,2020-03-22,0.0,0.0
1002,2020-03-23,1.3333333333333333,0.0
1003,2020-03-24,1.1666666666666667,0.0
1004,2020-03-25,0.8333333333333334,0.0
1005,2020-03-26,2.0833333333333335,0.0
1006,2020-03-27,1.3333333333333333,0.0
1007,2020-03-28,2.0,0.0
1008,2020-03-29,2.75,0.0
1009,2020-03-30,1.4166666666666667,0.0
1010,2020-03-31,1.8333333333333333,0.0
1011,2020-04-01,2.0,3.729573282231223
1012,2020-04-02,1.3333333333333333,2.874565252557041
1013,2020-04-03,2.1666666666666665,2.590121797872905
1014,2020-04-04,3.25,3.6184437496210156
1015,2020-04-05,2.8333333333333335,3.9898795075594844
1016,2020-04-06,2.4166666666666665,4.433877006151889
1017,2020-04-07,2.5,4.389396589017108
1018,2020-04-08,4.5,4.5450705677039345
1019,2020-04-09,2.75,4.583180448152294
1020,2020-04-10,3.5,3.5397207379791333
1021,2020-04-11,3.0,4.444333551455313
1022,2020-04-12,1.5,1.7408651806705595
1023,2020-04-13,2.0833333333333335,2.4855375480305404
1024,2020-04-14,2.5,2.938450899521204
1025,2020-04-15,2.25,3.791733573150933
1026,2020-04-16,3.0833333333333335,2.9649734457835333
1027,2020-04-17,3.5,3.827963703243691
1028,2020-04-18,3.5,4.471208910343031
1029,2020-04-19,3.5833333333333335,5.109376302174125
1030,2020-04-20,3.8333333333333335,5.819177885036704
1031,2020-04-21,5.25,6.325785123252917
1032,2020-04-22,4.25,5.294850229496739
1033,2020-04-23,4.666666666666667,5.755074411748567
1034,2020-04-24,3.5833333333333335,4.937696571056007
1035,2020-04-25,4.416666666666667,4.271797576963729
1036,2020-04-26,4.25,4.523074074660862
1037,2020-04-27,3.5,4.533703115576145
1038,2020-04-28,4.416666666666667,3.854345168871203
1039,2020-04-29,3.1666666666666665,3.5472964111009104
1040,2020-04-30,5.0,4.226327317881334
1041,2020-05-01,4.083333333333333,5.039923809134886
1042,2020-05-02,2.6666666666666665,4.849230908843844
1043,2020-05-03,4.416666666666667,4.953447399082169
1044,2020-05-04,3.8333333333333335,4.370757658187404
1045,2020-05-05,3.75,6.286444796094407
1046,2020-05-06,5.583333333333333,6.549494609145892
1047,2020-05-07,5.75,5.971109791067225
1048,2020-05-08,4.25,5.3986443740823455
1049,2020-05-09,6.333333333333333,6.261311573321341
1050,2020-05-10,4.25,5.939044474595124
1051,2020-05-11,2.8333333333333335,3.7488889527292
1052,2020-05-12,3.5833333333333335,4.906404445698307
1053,2020-05-13,4.583333333333333,4.326742567741719
1054,2020-05-14,6.5,5.000574967004988
1055,2020-05-15,5.333333333333333,4.804687950859354
1056,2020-05-16,3.4166666666666665,3.926423162240608
1057,2020-05-17,3.0,4.774122349496742
1058,2020-05-18,5.083333333333333,5.440679012819582
1059,2020-05-19,5.0,5.21877956612891
1060,2020-05-20,5.416666666666667,5.93128619092726
1061,2020-05-21,4.166666666666667,6.246207089749905
1062,2020-05-22,5.5,6.6898396458496725
1063,2020-05-23,3.8333333333333335,6.808206067283931
1064,2020-05-24,5.5,6.548324622595658
1065,2020-05-25,5.416666666666667,7.757720672378276
1066,2020-05-26,6.583333333333333,8.381398998975277
1067,2020-05-27,7.166666666666667,7.412239039181959
1068,2020-05-28,6.25,7.350606440377386
1069,2020-05-29,7.166666666666667,7.606185679251797
1070,2020-05-30,6.25,8.56117739052487
1071,2020-05-31,6.25,7.9952815000326085
1072,2020-06-01,6.666666666666667,7.05929127778001
1073,2020-06-02,5.416666666666667,7.650722352287592
1074,2020-06-03,7.25,7.8996021694774825
1075,2020-06-04,5.583333333333333,6.866635591718089
1076,2020-06-05,5.75,6.0950068974735006
1077,2020-06-06,5.583333333333333,6.261386661068152
1078,2020-06-07,4.333333333333333,7.202636128978053
1079,2020-06-08,6.333333333333333,6.500454938762039
1080,2020-06-09,7.25,7.590316279017617
1081,2020-06-10,8.416666666666666,8.56477112289176
1082,2020-06-11,8.75,8.263653642838284
1083,2020-06-12,8.333333333333334,8.786143966002838
1084,2020-06-13,6.5,8.961409660712953
1085,2020-06-14,7.25,8.712643842709008
1086,2020-06-15,6.583333333333333,8.496267801580862
1087,2020-06-16,6.666666666666667,8.269361670824038
1088,2020-06-17,7.833333333333333,8.134475051295182
1089,2020-06-18,5.083333333333333,7.777735557900261
1090,2020-06-19,4.166666666666667,5.969460359456563
1091,2020-06-20,3.5,5.266215271769577
1092,2020-06-21,2.75,8.55558135654031
1093,2020-06-22,5.666666666666667,8.659076148906674
1094,2020-06-23,7.666666666666667,8.878242562330682
1095,2020-06-24,8.083333333333334,8.988607776604287
1096,2020-06-25,8.75,9.161056393644026
1097,2020-06-26,6.5,8.665614968111099
1098,2020-06-27,6.166666666666667,8.788282185098904
1099,2020-06-28,6.5,8.176647584567354
1100,2020-06-29,5.583333333333333,7.7406617530245505
1101,2020-06-30,3.0,6.029708504559339
1102,2020-07-01,6.083333333333333,6.594351533089012
1103,2020-07-02,6.833333333333333,6.9080618899675175
1104,2020-07-03,6.5,7.409798456220673
1105,2020-07-04,4.333333333333333,5.2340472235379325
1106,2020-07-05,3.5,4.836778178627842
1107,2020-07-06,7.583333333333333,6.8497509055570385
1108,2020-07-07,6.166666666666667,5.692762338020635
1109,2020-07-08,6.25,6.343219885126094
1110,2020-07-09,4.833333333333333,6.268807517839111
1111,2020-07-10,5.916666666666667,6.991091453205828
1112,2020-07-11,4.666666666666667,5.333117825844173
1113,2020-07-12,4.583333333333333,6.884362159908513
1114,2020-07-13,3.5833333333333335,6.609615773786133
1115,2020-07-14,5.583333333333333,7.312096690779256
1116,2020-07-15,5.75,8.00936089925692
1117,2020-07-16,6.0,8.249544962708875
1118,2020-07-17,5.416666666666667,8.204054924521405
1119,2020-07-18,5.416666666666667,7.839362577085826
1120,2020-07-19,4.333333333333333,7.912560802622262
1121,2020-07-20,4.5,8.062849548675578
1122,2020-07-21,6.0,7.4248081085009945
1123,2020-07-22,5.25,7.134625028915256
1124,2020-07-23,5.25,6.382484602728819
1125,2020-07-24,4.5,5.991407008813422
1126,2020-07-25,4.0,6.328285036002687
1127,2020-07-26,5.0,7.614000351188427
1128,2020-07-27,6.916666666666667,7.777674531013438
1129,2020-07-28,4.083333333333333,6.298679843464096
1130,2020-07-29,4.416666666666667,6.570006529822755
1131,2020-07-30,5.166666666666667,6.4489068148275885
1132,2020-07-31,7.25,7.778204854763662
1133,2020-08-01,7.166666666666667,8.10332348113081
1134,2020-08-02,5.25,7.18113664742441
1135,2020-08-03,6.0,6.637486800382071
1136,2020-08-04,5.75,6.17384846297908
1137,2020-08-05,6.583333333333333,7.7282797731129165
1138,2020-08-06,6.583333333333333,7.056313506274184
1139,2020-08-07,6.416666666666667,7.316850135920614
1140,2020-08-08,6.75,8.437222196973154
1141,2020-08-09,5.583333333333333,8.337463621195631
1142,2020-08-10,8.916666666666666,8.56648928874572
1143,2020-08-11,5.666666666666667,8.270008290606379
1144,2020-08-12,5.75,7.9336830917418695
1145,2020-08-13,5.5,7.180418483317066
1146,2020-08-14,7.5,7.850449837548285
1147,2020-08-15,7.166666666666667,7.355393998940506
1148,2020-08-16,6.416666666666667,8.431694499923502
1149,2020-08-17,6.166666666666667,8.368311968422034
1150,2020-08-18,5.333333333333333,7.885360842088982
1151,2020-08-19,6.833333333333333,7.978097354579586
1152,2020-08-20,8.916666666666666,8.010487240744762
1153,2020-08-21,5.333333333333333,8.10910344292636
1154,2020-08-22,4.333333333333333,5.843973417294337
1155,2020-08-23,3.0833333333333335,7.211155274191441
1156,2020-08-24,6.75,6.764484902414249
1157,2020-08-25,5.416666666666667,7.153896727159935
1158,2020-08-26,7.833333333333333,7.645735102220738
1159,2020-08-27,7.166666666666667,7.520020251407824
1160,2020-08-28,6.833333333333333,7.582042530291164
1161,2020-08-29,6.083333333333333,7.105077379282894
1162,2020-08-30,3.1666666666666665,4.311308649064766
1163,2020-08-31,4.083333333333333,5.143433660918595
1164,2020-09-01,4.583333333333333,7.025491385289318
1165,2020-09-02,6.0,6.294296134895287
1166,2020-09-03,5.666666666666667,5.780974568868873
1167,2020-09-04,5.166666666666667,5.63629457206292
1168,2020-09-05,2.3333333333333335,5.03061567957127
1169,2020-09-06,3.0,5.9926445437618305
1170,2020-09-07,5.0,6.4040019723850685
1171,2020-09-08,3.1666666666666665,4.451302387012444
1172,2020-09-09,3.25,4.397073391088248
1173,2020-09-10,4.333333333333333,5.5143727137320155
1174,2020-09-11,5.333333333333333,6.080903228802966
1175,2020-09-12,2.8333333333333335,4.269589779526862
1176,2020-09-13,2.5,5.531018436499063
1177,2020-09-14,4.416666666666667,5.642396800456427
1178,2020-09-15,5.416666666666667,5.87967962632701
1179,2020-09-16,3.8333333333333335,4.575354001364911
1180,2020-09-17,3.5,4.5428046608204316
1181,2020-09-18,5.416666666666667,5.773754156459433
1182,2020-09-19,3.9166666666666665,5.662541978995891
1183,2020-09-20,3.0,4.770382310951596
1184,2020-09-21,4.416666666666667,4.819662806370354
1185,2020-09-22,3.8333333333333335,4.2852009528555
1186,2020-09-23,3.0,4.963702113431346
1187,2020-09-24,5.083333333333333,5.987022166659429
1188,2020-09-25,4.166666666666667,5.340147986380864
1189,2020-09-26,5.083333333333333,5.479157683791946
1190,2020-09-27,4.166666666666667,6.2708705343874795
1191,2020-09-28,4.166666666666667,5.826264315847851
1192,2020-09-29,2.5833333333333335,4.684388941863947
1193,2020-09-30,4.833333333333333,4.998545568704277
1194,2020-10-01,3.25,4.6112455183333
1195,2020-10-02,4.083333333333333,5.051811472314456
1196,2020-10-03,4.916666666666667,4.7819497684077295
1197,2020-10-04,2.25,3.8846259409620836
1198,2020-10-05,5.166666666666667,4.862340515011994
1199,2020-10-06,3.3333333333333335,4.090578393985058
1200,2020-10-07,4.083333333333333,4.478527565154175
1201,2020-10-08,3.6666666666666665,3.912573826552307
1202,2020-10-09,2.6666666666666665,3.7620154608067193
1203,2020-10-10,3.1666666666666665,4.481446356877346
1204,2020-10-11,2.1666666666666665,4.073054154708339
1205,2020-10-12,1.9166666666666667,3.8324357903632866
1206,2020-10-13,3.5833333333333335,4.393719647272802
1207,2020-10-14,3.0833333333333335,3.6137270313046237
1208,2020-10-15,2.8333333333333335,3.3795368547514504
1209,2020-10-16,3.0,3.433034222271779
1210,2020-10-17,2.6666666666666665,3.732040926553687
1211,2020-10-18,1.9166666666666667,2.6868140322699126
1212,2020-10-19,2.1666666666666665,2.0613126807098734
1213,2020-10-20,3.0833333333333335,2.7124018872862243
1214,2020-10-21,2.3333333333333335,2.4859528598738483
1215,2020-10-22,1.4166666666666667,2.2834672870501667
1216,2020-10-23,2.8333333333333335,2.888273601696828
1217,2020-10-24,2.5,2.978639107974512
1218,2020-10-25,1.5,3.203128603149913
1219,2020-10-26,1.8333333333333333,2.758882976699668
1220,2020-10-27,1.75,2.4977682879527108
1221,2020-10-28,1.9166666666666667,3.19899547367759
1222,2020-10-29,2.5833333333333335,3.2543266270474205
1223,2020-10-30,1.6666666666666667,3.594533466811637
1224,2020-10-31,1.3333333333333333,3.1686735603971354
1225,2020-11-01,0.0,0.0
1226,2020-11-02,0.0,0.0
1227,2020-11-03,0.0,0.0
1228,2020-11-04,0.0,0.0
1229,2020-11-05,0.0,0.0
1230,2020-11-06,0.0,0.0
1231,2020-11-07,0.0,0.0
1232,2020-11-08,0.0,0.0
1233,2020-11-09,0.0,0.0
1234,2020-12-01,0.0,0.0
1235,2020-12-02,0.0,0.0
1236,2020-12-03,0.0,0.0
1237,2020-12-04,0.0,0.0
1238,2020-12-05,0.0,0.0
1239,2020-12-06,0.0,0.0
1240,2020-12-07,0.0,0.0
1241,2020-12-08,0.0,0.0
1242,2020-12-09,0.0,0.0
