,Helsinki Central Library,Amos Rex,Helsinki Olympic Stadium,Helsinki Cathedral,Senate Square,Vanha Kauppahalli,Helsinki ZOO,Sibelius Monument,Loyly,Suomenlinna,Helsinki Market Square,Temppeliaukio Church,Seurasaari Open-Air Museum,Linnanmaki Amusement Park,Allas Sea Pool,Lat,Lon
0,4.3783129999999995,5.481070999999999,3.5007740000000003,4.551310000000002,4.664504000000002,5.019535000000001,4.177587000000001,4.331892999999996,7.3621279999999985,6.426225000000003,4.877044000000001,4.970882,5.609436000000001,2.6725820000000007,5.002556,60.205577,24.962152
0,9.500319000000003,10.602960999999997,8.804834999999997,9.645477999999999,9.758672,10.113703,9.039615999999997,9.635954000000003,12.456295999999993,11.520392999999997,9.966254000000005,10.092888,10.777911999999997,7.976643,10.096724000000005,60.2340530100318,25.032857400999006
0,1.1266060000000002,1.6732980000000002,1.5552329999999996,2.3502630000000004,2.2370690000000004,2.430032,5.520896,1.2373140000000002,3.2845370000000003,3.827103999999998,2.378749,0.6079629999999999,3.3667339999999997,2.254873999999999,2.724559999999999,60.1760798,24.9223942
0,4.101434,5.2040760000000015,3.685711999999999,4.246593000000001,4.359787000000001,4.714818000000002,3.7822450000000005,4.412342999999999,7.057410999999998,6.121508000000004,4.559843000000002,4.6940029999999995,5.926669000000002,2.601735,4.697839000000001,60.2027912,24.9666128
0,5.029309999999999,6.131952000000002,4.613588,5.174469000000002,5.287663000000002,5.6426940000000005,4.472098,5.340218999999998,7.985287,7.0493840000000025,5.482255000000001,5.621878999999998,6.797117000000003,3.529611000000001,5.6257150000000005,60.20649156514502,24.977079011778606
0,2.067198,3.0100199999999995,1.7089260000000002,2.052537,2.165731,2.520762000000001,3.082400000000001,2.433602,4.863355,3.9274519999999997,2.5269939999999997,2.700154,4.294771,1.1878490000000002,2.6499529999999996,60.1868618,24.9509168
0,2.11076,3.2135179999999997,1.6950380000000003,2.4376409999999997,2.5508349999999997,2.905866000000001,3.3903640000000013,2.421669,5.189362000000002,4.312556000000002,2.7922599999999984,2.703328999999999,4.282838,0.7115840000000001,3.092517,60.1896706,24.9481024
0,1.7296779999999996,2.835244,1.3139560000000001,2.21786,2.331054,2.686085000000001,3.7062610000000014,2.040587,4.811088000000001,4.0927750000000005,2.572479000000001,2.3222469999999995,3.9017559999999993,1.051422,2.8861120000000007,60.186979,24.943358
0,3.0125509999999998,4.1282049999999995,2.2236870000000004,3.2654070000000006,3.3786010000000006,3.733632000000002,3.900050000000001,3.0548059999999984,6.076225,5.140322000000004,3.6240399999999995,3.4282779999999997,4.489376999999999,1.1107759999999998,3.8628229999999992,60.1962627,24.9476186
0,2.950371,4.026965000000001,1.4368380000000003,3.921033,4.034227,4.389258000000001,5.014336,2.230268,6.006310999999999,5.795948000000003,4.249908,3.278275000000001,3.289119,1.438774,4.589285000000002,60.1975724,24.9267808
0,2.435634,3.365325999999999,2.0199119999999997,2.4078429999999993,2.5210369999999993,2.8760680000000005,3.2558140000000013,2.746542999999998,5.218661000000001,4.282758,2.7624619999999998,3.028202999999999,4.6077119999999985,1.036458,3.005259,60.1895417,24.9521601
0,1.8774680000000004,2.0484299999999998,2.353166,1.0909470000000001,1.2041410000000001,1.5591719999999998,3.101028000000001,3.0317489999999987,3.901765,2.965861999999999,1.399673,2.417323,4.892918,2.1042829999999997,1.7591990000000004,60.17810631604,24.95218124892
0,3.77319,4.728572000000001,3.357467999999999,3.7710890000000012,3.8842830000000013,4.239314000000001,3.165617,4.084098999999998,6.581907,5.646004000000004,4.080331000000001,4.365759000000001,5.803144000000002,2.273491,4.222335000000001,60.1985314,24.9676708
0,3.0231140000000005,4.138768,2.607392,3.3178080000000003,3.4310020000000003,3.7860330000000015,3.4916480000000005,3.334022999999999,6.119294000000001,5.1927230000000035,3.6706119999999993,3.6156830000000006,4.985502000000001,1.5203099999999998,3.9152239999999994,60.19588479865,24.95453389981
0,4.621613000000001,5.365474,3.3986579999999997,5.885175,5.771980999999999,5.964944,7.714868999999999,2.783715,6.862261,7.362016000000003,5.817703000000002,4.300139000000001,1.438949,4.082504000000001,6.259472000000001,60.1996653,24.8836209
0,4.537821,5.640579000000001,3.9642370000000007,4.710818000000002,4.824012000000002,5.179043000000001,4.334669000000001,4.795355999999997,7.521635999999998,6.585733000000003,5.036552000000001,5.1303899999999985,6.072899000000002,3.0381220000000018,5.162063999999999,60.2078582,24.9676383
0,3.829138000000001,4.134332000000001,3.792807999999999,3.176849000000001,3.290043000000001,3.6450740000000024,1.012874,4.517484,5.987667000000001,5.051764000000005,3.459404,4.503225000000003,6.378652999999999,3.083245000000001,3.421900999999999,60.18265182058,24.98179260578
0,5.945077999999998,7.047835999999998,5.023610000000003,6.118075000000003,6.231269000000003,6.586300000000002,5.741925999999999,5.854729000000001,8.928893,7.992990000000004,6.4438090000000035,6.537646999999998,6.727531000000001,4.259360000000002,6.569321,60.2184427,24.9664619
0,0.9355120000000001,1.1143969999999999,2.4031789999999997,0.990668,0.9169919999999999,1.2562969999999996,4.138719000000002,2.868721,3.113474,2.662986999999999,1.1065649999999998,1.4785270000000004,4.868304,2.188625,1.4692830000000001,60.17319894172505,24.943301000681707
0,3.657919,3.9782490000000004,3.299647,3.020766000000001,3.133960000000001,3.488991000000002,1.7601280000000001,4.024322999999999,5.831584000000001,4.895681000000004,3.338424,4.290875000000001,5.885492000000002,2.375716,3.265818,60.18755649,24.9770684
0,4.466331,5.5819849999999995,3.3288060000000006,4.755218000000002,4.868412000000002,5.2234430000000005,4.970203,4.159924999999997,7.566035999999999,6.6301330000000025,5.113818000000001,4.882058000000001,5.059630000000004,2.5645560000000005,5.352634,60.208749,24.9465139
0,5.361706999999999,6.477361,4.224182000000002,5.5864340000000015,5.6996280000000015,6.054659000000001,5.210284999999999,5.055300999999999,8.397251999999998,7.461349000000003,5.900392000000001,5.777434,5.927091000000001,3.459932000000001,6.03768,60.2139043,24.9588108
0,1.960315,2.131277,3.130363,0.732689,0.845883,1.2046409999999999,3.496405000000001,3.808945999999999,3.8092349999999997,2.6313540000000004,1.000745,2.5001700000000002,5.670115,2.8814799999999994,0.9096320000000001,60.1741822,24.9613747
0,2.168679,3.2843329999999997,1.496987,2.9249490000000002,3.038143,3.3931740000000015,3.8843020000000013,2.290881,5.370876,4.799864000000002,3.3281299999999985,2.5844060000000004,3.94254,0.26690400000000003,3.579824999999999,60.1911411,24.9401593
0,2.6055080000000004,2.9537889999999996,2.6454119999999994,1.9963060000000001,2.1095,2.464531000000001,2.253541,3.3700879999999986,4.807124,3.871221,2.305032,3.3226820000000004,5.2312569999999985,1.9781070000000003,2.2513030000000005,60.1837182,24.9621936
0,2.7467949999999997,3.5023659999999994,1.619376,4.010356999999999,3.897162999999999,4.090126000000001,5.954189999999998,1.269135,5.138089000000002,5.487198000000002,4.001676000000001,2.461515,1.8929350000000003,2.3218250000000005,4.384654,60.1902195,24.9083351
0,5.275501999999999,6.378144000000003,4.851992000000002,5.420661000000002,5.533855000000003,5.888886000000001,4.727441000000001,5.586410999999999,8.231479,7.295576000000004,5.729588000000001,5.868070999999999,6.9606540000000034,3.775803000000001,5.871907000000002,60.209796,24.979682
0,3.0250120000000007,3.7656329999999993,2.66674,2.80815,2.921344,3.276375000000001,2.611081000000001,3.391415999999999,5.618968,4.683065000000003,3.153606000000001,3.6579680000000003,5.239908,1.6453579999999994,3.2691719999999997,60.1896352,24.9635596
0,2.0411909999999995,2.3863250000000003,2.289085,1.4288420000000002,1.542036,1.8970670000000003,2.8300600000000005,2.967667999999999,4.23966,3.303757,1.7459210000000003,2.755218,4.828836999999999,2.0402020000000003,1.735479,60.179765,24.9554618
0,1.7515510000000003,2.524246,0.6251169999999999,3.0322370000000003,2.9190430000000003,3.1120060000000005,4.897405,1.005319,4.4998010000000015,4.509078,2.563801,1.775556,2.8664880000000004,1.6036620000000001,3.4065339999999993,60.1825529,24.926687
0,3.162939,4.278593,2.019041,3.8647390000000006,3.9779330000000006,4.3329640000000005,4.562110000000002,2.8501599999999994,6.365136000000001,5.739654000000003,4.215805,3.5828080000000004,4.059579,1.451989,4.462155000000001,60.199235425819,24.937826370875783
0,7.155572000000002,8.271226000000002,6.042566000000002,7.667096000000002,7.780290000000002,8.135321000000001,7.290946999999999,6.844811000000001,10.357768999999996,9.542010999999997,8.003145000000002,7.575441,7.752770999999999,5.479642000000004,8.118342,60.2291001633593,24.9667185624346
0,3.387275000000001,4.490033,2.9715529999999997,3.5602720000000008,3.673466000000001,4.028497000000002,3.5024840000000004,3.698183999999999,6.3710900000000015,5.4351870000000035,3.886006000000002,3.9798439999999995,5.4684940000000015,1.8875759999999997,4.011517999999999,60.1974886,24.9614385
0,2.994163,4.109816999999999,1.720364,3.8198999999999996,3.9330939999999996,4.288125,4.664859000000002,2.5209349999999997,6.19636,5.694815000000002,4.21715,3.4140319999999997,3.633793999999999,1.3621919999999998,4.474775999999999,60.198210866794,24.9327990790329
0,2.9010650000000004,4.003823,2.485343,3.1755000000000004,3.2886940000000005,3.6437250000000017,3.3109550000000008,3.2119739999999988,5.979667,5.050415000000004,3.5380020000000005,3.4936340000000006,4.995916000000001,1.401366,3.7419449999999994,60.1942342,24.9579931
0,8.948372,10.051013999999999,8.252887999999997,9.093531,9.206725000000002,9.561756,8.487668999999997,9.084007000000003,11.904348999999995,10.968445999999998,9.41716,9.540941,10.225965,7.424696000000001,9.544777000000002,60.234578571034135,25.01031390508104
0,5.614024,6.729677999999999,4.501018000000001,6.036410000000001,6.149604000000001,6.5046349999999995,5.701020999999999,5.303262999999999,8.816220999999995,7.9113250000000015,6.383869000000001,6.033892999999999,6.205412999999998,3.8204710000000017,6.528416,60.2172043,24.9544112
0,3.208753000000001,3.8024859999999996,2.8311249999999997,2.8450029999999997,2.9581969999999997,3.313228000000001,2.7872150000000007,3.557755999999999,5.6558209999999995,4.7199180000000025,3.1707370000000012,3.8394159999999995,5.3450539999999975,1.7505039999999996,3.2962489999999995,60.1920576,24.9642238
0,2.692778,3.808432,1.54888,3.49138,3.604574,3.9596050000000016,4.322943000000001,2.370777,5.894975000000001,5.366295000000003,3.872964,3.1126469999999995,3.805348,1.033672,4.1441750000000015,60.196431,24.936256
0,3.187331,4.302985,2.074325,4.038642,4.151836,4.5068670000000015,4.8999,2.876569999999999,6.389528,5.9135570000000035,4.367517,3.6072,4.063784000000001,1.598832,4.706894000000002,60.2014382,24.9332721
0,4.008393999999999,5.124048,2.932645000000001,4.26455,4.377744000000001,4.732775,4.3350930000000005,3.763763999999998,7.075367999999997,6.139465000000003,4.623183000000001,4.424121000000001,4.999437000000001,2.1066189999999994,4.861966000000001,60.2032721,24.9513636
0,2.658356,3.3227219999999993,2.300084,2.3652389999999994,2.4784329999999994,2.8334640000000006,2.627915,3.024759999999999,5.176057000000001,4.240154000000001,2.6670000000000007,3.2913119999999996,4.885928999999999,1.5974629999999994,2.8607190000000005,60.187736,24.96098
0,3.4138010000000008,3.7619990000000003,3.055529,2.804516000000001,2.917710000000001,3.272741000000002,2.1762430000000004,3.7802049999999996,5.615334000000001,4.679431000000003,3.105732,4.046757000000001,5.641374000000001,2.120812,3.049568,60.1896994,24.9711926
0,3.687886,4.460581,2.3874370000000003,4.968571999999999,4.855377999999999,5.0483410000000015,6.538702999999996,2.253789,6.160560999999999,6.445413000000004,4.893237,3.4839870000000004,1.5840450000000004,2.9063380000000003,5.342869000000001,60.1975329,24.899261
0,0.211561,1.2006229999999998,1.667207,1.626196,1.513002,1.7883829999999998,4.997859000000001,2.0202160000000005,3.2626990000000005,3.1854549999999993,1.6274110000000002,0.8394740000000002,3.9455779999999985,2.204204,2.065293,60.174646,24.935186
0,0.711194,1.01752,2.373902000000001,1.3406629999999995,1.2274689999999997,1.5667739999999997,4.836618000000001,2.6444029999999996,3.1983329999999994,2.973463999999999,1.326783,1.2542089999999997,4.643986,2.7878629999999993,1.7797599999999998,60.17219068,24.93930791
0,7.241063999999999,8.013759,5.61551,8.428073000000005,8.408555999999999,8.601518999999998,9.369301999999996,5.635768000000002,9.714314000000002,9.998590999999998,8.446397999999997,7.038437999999999,4.291002000000001,5.945814000000001,8.896047,60.22229427877046,24.875870912746144
0,1.454132,1.625094,2.802774,0.4711809999999999,0.580399,0.9238369999999999,3.8320660000000015,3.384181,3.3702519999999994,2.330527,0.8001929999999999,1.9939870000000004,5.3425259999999986,2.5882199999999993,1.1326899999999998,60.1731029004969,24.9495192737191
0,3.570601,4.686255,2.4330760000000002,3.897220000000001,4.010414000000001,4.365445,4.325761000000002,3.264194999999998,6.708037999999998,5.772135000000004,4.255852999999999,3.986328,4.499868000000001,1.6688259999999997,4.494636000000001,60.2010614,24.9440506
0,2.623335,3.7389889999999997,1.769166,3.1490670000000005,3.2622610000000005,3.6172920000000017,3.985203000000001,2.6119869999999996,5.825532000000001,5.023982000000004,3.500133,3.0390619999999995,4.046558,0.72156,3.746482999999999,60.1942095,24.941578
0,5.507935999999998,6.610578000000002,5.012306000000002,5.653095000000001,5.766289000000001,6.121320000000001,5.201402999999999,5.818844999999999,8.463912999999998,7.528010000000003,5.973810000000001,6.100504999999998,7.120968000000003,4.008237,6.104341000000001,60.2137007,24.9797283
0,9.443282000000004,10.545923999999998,8.747797999999998,9.588441,9.701635,10.056666,8.387138999999996,9.578917000000002,12.399258999999994,11.463355999999996,9.902871000000006,10.035851000000001,10.728196999999996,7.919606,10.039687000000006,60.227495295832895,25.02761893353016
0,8.172877999999999,9.27552,7.477394000000002,8.318037000000004,8.431231000000006,8.786261999999999,7.707467999999999,8.308513000000005,11.128854999999996,10.192951999999996,8.638813000000003,8.765446999999996,9.450471,6.649202000000002,8.769283000000001,60.227520671727405,25.01006206113976
0,3.047515,3.3672489999999997,2.7689509999999995,2.4097660000000003,2.52296,2.8779910000000015,2.019085,3.493626999999999,5.2205840000000014,4.284681000000002,2.7184920000000004,3.736142,5.3547959999999994,2.0593879999999993,2.6603499999999998,60.1864633,24.9678718
0,1.659691,2.2620800000000005,1.8981590000000002,1.3045970000000002,1.4177910000000002,1.7728220000000003,3.188608000000001,2.5767419999999994,4.1154150000000005,3.179512,1.6592159999999998,2.4132809999999996,4.437910999999999,1.6492760000000002,1.9728490000000003,60.180863,24.9494
0,8.343917,8.581187,7.127413999999999,9.607479000000003,9.494285000000001,9.545580999999999,11.443625000000003,6.504061000000001,9.434902,10.423353,9.419742999999993,8.020484999999999,4.653391,7.811259999999999,9.840108999999998,60.184312,24.826671
0,8.785127,8.954604999999999,7.568623999999998,9.982263999999997,9.869069999999995,9.918998999999996,11.884834999999999,6.945271,9.80832,10.796771000000001,9.791438999999995,8.461694999999997,5.094601,8.252469999999997,10.213526999999996,60.184987,24.820099
0,9.500353999999998,9.155902,8.811338999999997,10.183560999999997,10.070366999999997,10.120295999999996,13.127550000000001,8.187986000000002,10.009616999999999,10.998068,10.000347999999988,9.004826,6.337316,9.495184999999998,10.414823999999998,60.17875,24.797984
0,8.086206999999998,8.138803999999999,6.869703999999998,9.166463,9.053268999999998,9.103197999999999,11.185915000000001,6.246351,8.992518999999998,9.98097,9.048417999999996,7.762774999999999,4.395680999999999,7.553549999999999,9.397725999999999,60.180027,24.831804
0,8.708261,9.452122000000005,7.485305999999999,9.971823000000004,9.858629000000002,10.051592,11.801517,6.870363000000002,10.948909000000002,11.448663999999996,9.945822000000001,8.386787000000002,5.357320999999999,8.169151999999999,10.346119999999999,60.203852,24.8231
0,1.420717,1.9674089999999997,1.6698030000000001,2.644374,2.53118,2.724143,5.635465999999998,0.7271680000000001,3.4641960000000007,4.1212149999999985,2.614604,0.9020739999999999,2.856588000000001,2.3694439999999997,3.018670999999999,60.17558787407832,24.915662751685453
0,7.028664000000001,7.772524999999999,5.805709,8.292226000000001,8.179032,8.371995,10.12192,5.190766000000001,9.269311999999998,9.769066999999998,8.266225,6.70719,3.6777239999999995,6.489555,8.666523000000002,60.206142,24.840699
0,9.005177,8.660725000000001,9.464350999999994,9.688383999999997,9.575189999999997,9.625118999999996,13.225696000000005,8.840998,9.514439999999999,10.502891,9.493160999999994,8.509649000000003,6.990328000000002,10.148196999999993,9.919646999999998,60.168143,24.796136
0,4.307756000000001,3.9633040000000013,5.326633,4.990963000000001,4.877769,4.927698000000002,8.528274999999997,4.737283999999999,4.817019,5.805470000000005,4.7800460000000005,3.8122279999999993,6.504431999999999,6.026274,5.222226000000003,60.1583842,24.8766658
0,5.488435000000001,6.286341000000001,3.7099289999999994,6.571969000000001,6.681138,6.8741010000000005,7.772042999999997,4.110395999999999,7.987593999999998,8.271173000000003,6.715389,5.311020000000001,3.2440919999999993,4.160536,7.168629000000001,60.21227524113252,24.89955113635681
0,9.036783999999999,8.835231,7.820280999999999,9.862889999999998,9.749695999999997,9.799624999999997,12.136492,7.196928000000001,9.688946,10.677397000000001,9.674592999999993,8.684155000000004,5.346258,8.504126999999997,10.094152999999997,60.18363,24.817403
0,9.519072999999999,9.174620999999998,9.173607999999994,10.202279999999996,10.089085999999996,10.139014999999995,13.489818999999997,8.550255000000002,10.028335999999998,11.016786999999999,10.013982999999993,9.023545,6.699585000000002,9.857453999999993,10.433542999999997,60.173567,24.79139
0,6.412281,6.067828999999998,7.431158,7.0954880000000005,6.982294,7.032223000000001,10.632799999999996,6.841808999999999,6.921543999999999,7.909995000000003,6.920766999999995,5.916753000000001,6.133967,8.130799000000001,7.326751000000001,60.16582,24.840319
0,4.373621000000002,4.029169000000002,5.392498,5.056828000000003,4.943634000000003,4.9935630000000035,8.59414,4.8031489999999994,4.882884000000002,5.871335000000005,4.856489999999999,3.8780929999999993,6.932568999999999,6.092139,5.288091000000004,60.1540763,24.8793159
0,9.156792000000001,8.979295,7.940288999999999,10.006953999999999,9.893759999999997,9.943688999999997,12.2565,7.316936000000001,9.83301,10.821461000000001,9.818428999999993,8.828219000000002,5.466265999999999,8.624134999999997,10.238216999999997,60.185096,24.81422
0,2.109514,1.6415009999999999,3.128391,2.6691599999999993,2.5559659999999993,2.5976250000000007,6.206471999999999,2.539042,2.373012,3.3614629999999983,2.5303790000000013,1.6139859999999997,4.668462,3.8280319999999994,2.892153,60.1635309,24.9145165
0,8.617204,8.854474000000002,7.400700999999997,9.880766000000003,9.767572000000001,9.818867999999998,11.716911999999999,6.777347999999999,9.708189000000003,10.696640000000004,9.69435999999999,8.293771999999999,4.926677999999999,8.084546999999997,10.113395999999998,60.188118,24.835033
0,9.915278,9.601285,8.698774999999996,10.628943999999997,10.515749999999997,10.565678999999996,13.014986,8.075422000000001,10.454999999999998,11.443451,10.440646999999993,9.450209000000003,6.2247520000000005,9.382620999999997,10.860206999999997,60.184765,24.804022
0,7.383011000000001,7.038558999999999,7.459017999999999,8.066218000000001,7.953024000000001,8.002953000000002,11.603530000000001,6.835665,7.8922740000000005,8.880724999999998,7.8779209999999935,6.887483000000001,4.984994999999999,8.142864,8.297481000000003,60.171524,24.827467
0,7.712336000000001,7.367884,7.188333999999999,8.395543000000004,8.282349000000002,8.332278000000004,11.504545000000004,6.564981,8.221599000000001,9.210049999999997,8.432168999999995,7.216808000000002,4.7143109999999995,7.872179999999999,8.626806000000004,60.175233,24.82895
0,7.651672999999999,7.900808999999997,6.4351699999999985,8.915235000000001,8.802041,8.865203,10.751381000000004,5.811817,8.754524,9.742974999999994,8.755781999999996,7.328240999999999,3.9611469999999986,7.1190159999999985,9.159730999999999,60.178762,24.835132
0,1.8811550000000001,2.4278470000000003,1.4362289999999998,3.104812,2.991618,3.184581000000001,5.69835,0.25634,3.9246340000000015,4.581653000000001,3.0633239999999997,1.3625120000000002,2.3857600000000003,2.4250849999999997,3.479109,60.1792967,24.9132504
0,8.999322999999999,9.743184000000001,7.776367999999998,10.262885000000002,10.149691,10.342653999999996,12.092578999999999,7.161425,11.239970999999997,11.739725999999994,10.239540000000002,8.677848999999998,5.76891,8.460213999999997,10.637181999999997,60.21669478856165,24.82643506468404
0,10.441410999999997,10.096958999999998,9.541362999999993,11.124617999999996,11.011423999999995,11.061352999999995,13.857573999999996,8.918010000000002,10.950673999999998,11.939124999999999,10.94335299999999,9.945882999999998,7.067340000000003,10.225208999999994,11.355880999999997,60.182976,24.78576
0,1.6825549999999998,2.438126,0.6444969999999999,2.946117,2.832923,3.0258860000000003,4.9307300000000005,0.561884,4.227146,4.4229579999999995,2.8969570000000004,1.5505719999999998,2.423053,1.6369870000000004,3.320413999999999,60.1838677,24.9198371
0,4.780987000000001,5.553682000000001,3.4410649999999996,6.061673,5.948478999999999,6.141442,7.506163999999998,3.3469529999999996,7.253724999999998,7.538514000000003,5.986401,4.5771510000000015,2.365866,3.894657,6.43597,60.2056785,24.8916817
0,4.735503000000001,4.391051000000001,5.7543799999999985,5.4187100000000035,5.3055160000000035,5.355445000000004,8.956021999999999,5.165031,5.244766,6.233217000000004,5.234574,4.239975,6.459671999999999,6.454020999999999,5.649973000000005,60.15708560052,24.86930605276
0,9.328573,8.984121000000002,8.382496999999995,10.011779999999998,9.898585999999998,9.948514999999997,12.698708,7.759144000000001,9.837836000000001,10.826287000000002,9.823482999999996,8.833045000000004,5.908474000000001,9.066342999999996,10.243042999999998,60.177588,24.803942
0,3.3120640000000003,4.084758999999999,2.0317500000000006,4.592749999999999,4.479555999999999,4.672519000000001,6.347960999999999,1.9088139999999996,5.786012,6.069591000000004,4.570016,3.1094379999999995,1.8811600000000002,2.715596,4.967047000000002,60.1952452,24.9018997
0,4.757309000000001,5.501169999999999,3.534354,6.0208710000000005,5.907677,6.10064,7.850565,2.919411,6.9979569999999995,7.4977120000000035,6.060476,4.435835,1.5197170000000004,4.2181999999999995,6.395168000000001,60.19793090756802,24.876221716500662
0,9.367067000000002,10.110928000000005,8.144111999999998,10.630629000000006,10.517435000000004,10.710398000000001,12.460322999999999,7.5291690000000004,11.607714999999999,12.107469999999998,10.604628,9.045593000000002,6.016126999999999,8.827957999999995,11.004926000000001,60.203892,24.80493
0,3.7857250000000007,3.441273000000002,4.804602000000001,4.468932000000001,4.3557380000000006,4.405667000000001,8.006243999999999,4.215253,4.294988,5.283439000000006,4.283514999999999,3.290196999999999,6.344672999999999,5.5042430000000016,4.700195000000002,60.1603306,24.8815441
0,3.3780639999999993,3.0336120000000015,4.396940999999999,4.0612710000000005,3.948077,3.998006000000001,7.598583,3.8075919999999996,3.8873270000000013,4.875778000000004,3.8494319999999997,2.8825359999999978,5.937011999999998,5.096582,4.292534000000001,60.1611858260783,24.8899154000946
0,6.699999000000001,7.343132,5.483496,7.9635609999999994,7.850366999999999,8.04333,9.799707,4.860143,8.196847,9.185297999999998,7.999692000000002,6.376566999999999,3.009472999999999,6.1673420000000005,8.337858,60.1818132200983,24.8504396679317
0,9.539272000000002,10.283133000000005,8.316316999999996,10.802834000000006,10.689640000000004,10.882603000000001,12.632528,7.701374,11.779919999999999,12.279674999999997,10.789777,9.217798000000002,6.231752999999999,9.000162999999997,11.177131000000001,60.218731,24.814828
0,9.710393000000003,10.454254000000006,8.487437999999994,10.973955000000007,10.860761000000005,11.053724000000003,12.803649,7.872495000000002,11.951041,12.450795999999999,10.947954,9.388919000000003,6.359452999999999,9.171283999999996,11.348252000000002,60.220254,24.813437
0,11.132914999999995,11.876776000000003,9.692269999999995,12.396476999999999,12.283282999999997,12.476245999999994,13.632710000000005,9.295017,13.373562999999997,13.87331799999999,12.357943999999998,10.811441,7.902501999999998,10.142877,12.770773999999994,60.234401,24.813954
0,10.257756,10.034135000000001,9.041253,11.061793999999997,10.948599999999997,10.998528999999996,13.357464,8.417900000000003,10.887849999999998,11.876301,10.873496999999995,9.883059,6.567230000000001,9.725098999999997,11.293056999999997,60.18715,24.796959
0,8.923564000000002,9.667425000000005,7.700609,10.187126000000006,10.073932000000005,10.266895,12.016820000000001,7.085666000000004,11.164212000000001,11.663966999999998,10.161125000000002,8.602090000000002,5.5726239999999985,8.384454999999999,10.561423000000001,60.204669,24.814268
0,5.277875000000002,4.933423,6.296752000000002,5.961082000000003,5.847888000000003,5.897817000000003,9.498393999999998,5.707403,5.787138000000001,6.775589000000005,5.772229999999997,4.782347000000002,5.0590269999999995,6.996393000000003,6.192345000000004,60.1654485,24.8601992
0,2.6976839999999997,2.136268,3.806759000000001,3.1353629999999995,3.0221689999999994,3.004779000000001,6.7783219999999975,3.2195479999999996,2.7596809999999996,3.7481319999999987,2.9425880000000024,2.292354,5.348968,4.5064,3.2993069999999998,60.1589276,24.909692
0,9.293672999999998,8.949221,8.905544999999996,9.976879999999998,9.863685999999996,9.913614999999997,13.221756000000001,8.282192000000002,9.802935999999999,10.791387,9.70554799999999,8.798145000000002,6.431522000000001,9.589390999999997,10.208142999999996,60.175358,24.802049
0,9.378303000000004,9.37215,8.1618,10.399808999999998,10.286614999999996,10.336543999999996,12.478011,7.5384470000000015,10.225864999999997,11.214315999999998,10.204139999999994,9.054871000000002,5.6877770000000005,8.845645999999997,10.631071999999996,60.18734696398579,24.81075284439144
0,8.231781999999999,8.975643000000002,7.008826999999998,9.495344000000003,9.382150000000001,9.575112999999998,11.325038000000001,6.393884000000001,10.47243,10.972184999999994,9.469343,7.910308,4.8808419999999995,7.692672999999999,9.869640999999998,60.210735,24.824954
0,12.034419999999997,11.689967999999997,10.906953999999988,12.717626999999995,12.604432999999993,12.654361999999994,15.223164999999991,10.292010999999999,12.543682999999996,13.532133999999996,12.536131999999995,11.538891999999999,8.517445000000002,11.590799999999989,12.948889999999993,60.194599,24.769021
0,11.126752999999997,10.782300999999997,10.09894399999999,11.809959999999995,11.696765999999995,11.746694999999994,14.415154999999993,9.475591,11.636015999999996,12.624466999999997,11.636742999999994,10.631224999999999,7.6249210000000005,10.78278999999999,12.041222999999995,60.188706,24.780478
0,9.819732000000002,9.544589,8.603228999999995,10.572247999999998,10.459053999999997,10.508982999999997,12.91944,7.979876000000001,10.398303999999998,11.386754999999999,10.383950999999993,9.393513000000002,6.129206,9.287074999999998,10.803510999999997,60.186731,24.806152
0,4.288096000000001,5.031957,3.0651409999999992,5.551658000000001,5.438464,5.631427,7.381351999999998,2.450198,6.528744,7.028499000000004,5.514971000000002,3.9666219999999996,1.1047240000000003,3.748987,5.925955000000001,60.1967196,24.8840917
0,9.032934,8.688482,8.031420999999998,9.716140999999999,9.602946999999997,9.652875999999997,12.347631999999999,7.408068,9.542196999999998,10.530648,9.537025999999994,8.537406000000002,5.557398,8.715266999999995,9.947403999999997,60.178702,24.810974
0,11.103461999999997,10.759009999999998,10.937397999999998,11.786668999999996,11.673474999999994,11.723403999999995,15.253609,10.314045000000005,11.612724999999998,12.601175999999997,11.48282699999999,10.607933999999998,8.463375000000001,11.621243999999997,12.017931999999995,60.170758,24.763184
0,10.229112999999998,9.884660999999998,10.080086999999992,10.912319999999996,10.799125999999994,10.849054999999995,14.396297999999994,9.456734,10.738375999999997,11.726826999999998,10.723521999999992,9.733585,7.606064000000002,10.763932999999993,11.143582999999994,60.171127,24.775913
0,1.948404,2.7039750000000002,0.8369759999999998,3.211966,3.098772,3.2917350000000014,5.185123,0.5928110000000001,4.440427000000001,4.6888070000000015,3.162076,1.7638530000000001,2.1662320000000004,1.8913799999999998,3.586263,60.18523632967096,24.91724984112588
0,11.650201999999997,11.305749999999998,11.247950999999995,12.333408999999996,12.220214999999994,12.270143999999995,15.564161999999998,10.624598000000002,12.159464999999997,13.147915999999997,12.151577999999997,11.154673999999998,8.773928,11.931796999999994,12.564671999999995,60.180848,24.760606
0,9.575637,9.231185,9.216054999999994,10.258843999999998,10.145649999999996,10.195578999999997,13.532265999999996,8.592702000000001,10.084899999999998,11.073350999999999,10.075125999999994,9.080109000000002,6.742032000000002,9.899900999999993,10.490106999999997,60.175769,24.792559
0,8.188488999999997,8.425759,6.971985999999998,9.452051,9.338857,9.390152999999998,11.288196999999998,6.348632999999999,9.279474,10.267925000000002,9.264565999999997,7.865056999999998,4.497962999999999,7.6558319999999975,9.684681,60.18483,24.837133
0,8.602011000000001,8.257558999999999,7.495977999999999,9.285217999999999,9.172023999999997,9.221952999999997,11.812189,6.872625000000001,9.111274,10.099725000000001,9.096920999999995,8.106483,5.021955,8.179824,9.516480999999997,60.178655,24.817423
0,3.815815000000001,4.5577179999999995,2.5963570000000002,5.079376999999999,4.966182999999999,5.1591460000000025,6.9125679999999985,1.9759589999999996,6.054504999999998,6.556218000000006,5.077580000000002,3.4923829999999993,0.9712640000000001,3.280203000000001,5.453674000000003,60.1944475,24.8911179
0,3.1651849999999992,3.920755999999999,1.9406440000000005,4.428746999999999,4.315552999999998,4.508516,6.256854999999997,1.4525939999999997,5.53114,5.905588000000003,4.399228000000001,2.879905,1.4275239999999998,2.62449,4.803044000000001,60.191524,24.901008
0,12.487684999999997,12.143232999999999,12.806735999999995,13.170891999999997,13.057697999999995,13.107626999999995,16.708204000000006,12.183383000000001,12.996947999999996,13.985398999999997,12.982594999999993,11.992156999999999,10.332713,13.490581999999995,13.402154999999995,60.162403,24.738416
0,10.013836,9.669383999999997,9.099268999999996,10.697042999999995,10.583848999999995,10.633777999999994,13.415479999999999,8.475916000000002,10.523098999999997,11.511549999999998,10.507916999999992,9.518308000000001,6.6252460000000015,9.783114999999997,10.928305999999996,60.18288,24.794014
0,5.2485490000000015,4.904097000000001,6.267426000000001,5.931756000000003,5.818562000000003,5.868491000000003,9.469067999999998,5.678076999999999,5.757812,6.746263000000004,5.751494000000002,4.753021000000001,5.958704999999999,6.967067000000002,6.163019000000004,60.157875,24.86202
0,2.240497,2.8393759999999997,1.2032019999999997,3.504059,3.390865,3.5838280000000013,5.489434999999999,0.25761700000000004,4.336163,4.980900000000003,3.454899,1.7740409999999995,1.937539,2.1956919999999998,3.878356,60.183137,24.911127
0,9.505337,10.249198000000005,8.282381999999995,10.768899000000005,10.655705000000003,10.848668,12.598593,7.667439000000001,11.745985,12.245739999999996,10.742100000000002,9.183863000000002,6.154397,8.966227999999996,11.143196,60.217311,24.812419
0,8.724081,8.379629000000001,8.900772999999996,9.407288,9.294093999999998,9.344022999999998,12.944600000000005,8.277420000000001,9.233343999999999,10.221795,9.218990999999992,8.228553000000002,6.426750000000001,9.584618999999996,9.638550999999998,60.171551,24.802938
0,9.604667000000001,10.348528000000007,8.381711999999995,10.868229000000005,10.755035000000003,10.947998,12.697923,7.766769000000001,11.845315000000001,12.345069999999996,10.845422000000001,9.283193000000004,6.253727,9.065557999999996,11.242526,60.217261,24.806279
0,8.299937,7.955484999999999,8.427591999999997,8.983144000000003,8.869950000000001,8.919878999999998,12.520456000000001,7.804239000000003,8.809199999999999,9.797650999999998,8.794846999999994,7.804409000000001,5.953569000000002,9.111437999999998,9.214407,60.173424,24.810688
0,4.577279000000002,5.319182,3.3607760000000004,5.840841,5.727647,5.920610000000001,7.6769870000000004,2.7374229999999997,6.815969,7.317682000000003,5.861534000000001,4.253847,0.8867530000000002,4.044622,6.2151380000000005,60.1926305828,24.87922144235
0,4.090617,4.753712,2.9968690000000002,5.354179,5.240984999999999,5.433948,7.339554999999999,2.171953,6.250498999999999,6.831020000000003,5.319246999999999,3.688377,0.0,3.9421600000000003,5.728476000000001,60.188399,24.8847362
0,2.397966,3.1535370000000005,1.270547,3.6615279999999997,3.5483339999999997,3.741297000000001,5.606998999999998,0.9416440000000001,4.789260000000002,5.138369000000002,3.6123680000000005,2.112686,2.0030340000000004,1.9746340000000002,4.035825,60.1883091,24.9123717
0,12.838261000000001,12.493809,12.436009999999998,13.521467999999999,13.408273999999997,13.458202999999997,16.752221000000006,11.812657000000007,13.347524,14.335975000000001,13.339270999999995,12.342733000000003,9.961987000000002,13.119855999999999,13.752730999999997,60.184596,24.744131
0,8.788193999999999,9.025464000000001,7.571690999999999,10.051756000000003,9.938562000000001,9.989857999999998,11.887902,6.948338000000001,9.879179,10.867630000000002,9.852838999999996,8.464761999999999,5.097668,8.255536999999999,10.284385999999998,60.188499,24.829985
0,8.948978,9.692839000000003,7.726023,10.212540000000004,10.099346000000002,10.292309,12.042234,7.111080000000003,11.189626,11.689380999999996,10.186539000000003,8.627504,5.598038,8.409868999999999,10.586837,60.213443,24.811572
0,10.308574999999998,9.964122999999999,9.727930999999995,10.991781999999997,10.878587999999995,10.928516999999996,14.044141999999997,9.104578000000005,10.817837999999998,11.806289,10.808063999999995,9.813047,7.253908000000003,10.411776999999995,11.223044999999997,60.177749,24.784654
0,8.856131,8.511678999999999,8.380404999999998,9.539337999999995,9.426143999999995,9.476072999999994,12.696616000000002,7.7570520000000025,9.365393999999998,10.353845,9.396611999999994,8.360603000000001,5.906382000000002,9.064250999999999,9.770600999999996,60.176168,24.805825
0,8.455281,8.388607,7.238777999999998,9.416265999999997,9.303071999999995,9.353000999999995,11.554989,6.615425,9.242321999999998,10.230773,9.262272999999995,8.131848999999999,4.764755,7.922623999999999,9.647528999999995,60.180806,24.824747
0,9.852541000000002,9.577397999999999,8.636037999999996,10.605056999999997,10.491862999999995,10.541791999999996,12.952249,8.012685000000001,10.431112999999998,11.419563999999998,10.416759999999993,9.426322000000003,6.162015,9.319883999999997,10.836319999999995,60.189143,24.807083
0,4.415184000000001,5.187879000000001,3.114735,5.69587,5.582675999999999,5.775639,7.2660009999999975,2.9810869999999996,6.887859,7.172711000000003,5.620535,4.211285000000002,2.0111220000000003,3.6336359999999988,6.0701670000000005,60.2028392,24.8934761
0,10.864006999999997,10.519554999999999,10.536599999999996,11.547213999999997,11.434019999999995,11.483948999999996,14.852810999999999,9.913247000000004,11.373269999999996,12.361720999999998,11.374771999999998,10.368478999999999,8.062577000000003,11.220445999999995,11.778476999999995,60.176107,24.769667
0,5.069738000000001,5.811640999999999,3.853235,6.3333,6.2201059999999995,6.413069,8.169446,3.2298819999999995,7.308428000000001,7.810141000000003,6.362915,4.746306,1.3792120000000003,4.5370810000000015,6.707597000000001,60.1948358,24.8713963
0,8.675914,8.331462000000002,8.520522999999995,9.359121,9.245926999999998,9.295855999999999,12.836734,7.897170000000001,9.185177,10.173628,9.171605999999992,8.180386000000002,6.046500000000001,9.204368999999996,9.590383999999998,60.174144,24.806051
0,2.5479939999999996,3.320689,1.272977,3.8286799999999994,3.7154859999999994,3.908449000000001,5.589187999999997,1.3207829999999998,5.168399000000001,5.3055210000000015,3.778029,2.491825,2.1090029999999995,1.9568230000000002,4.202977,60.19095693226663,24.91282713542788
0,5.554149000000001,6.298009999999999,4.331194,6.817710999999999,6.704516999999999,6.89748,8.647405000000001,3.716251,7.794797,8.294552000000001,6.791407,5.2326749999999995,2.3237359999999994,5.015040000000002,7.1920079999999995,60.2038803,24.8708833
0,10.245337999999999,9.900885999999998,9.917930999999989,10.928544999999996,10.815350999999994,10.865279999999995,14.234141999999993,9.294578000000001,10.754600999999997,11.743051999999999,10.746713999999994,9.74981,7.443908000000001,10.60177699999999,11.159807999999995,60.17465,24.779428
0,5.2536700000000005,6.026365000000002,3.779384999999999,6.534356000000001,6.421162000000001,6.6141250000000005,7.841498999999998,3.8253899999999996,7.727618,8.011197000000005,6.455665999999998,5.051044000000003,2.8107179999999996,4.229992,6.908653000000001,60.208925,24.8895209
0,8.468617,8.124165,8.969666999999996,9.151824,9.038629999999998,9.088558999999998,12.689136000000005,8.346314000000001,8.977879999999999,9.966330999999998,8.963526999999994,7.973089000000001,6.495644000000001,9.653512999999997,9.383086999999998,60.168266,24.805758
0,10.040994999999999,9.696542999999998,10.542044999999993,10.724201999999996,10.611007999999995,10.660936999999995,14.261514000000004,9.918691999999998,10.550257999999996,11.538708999999997,10.535368999999998,9.545467,8.068022,11.225890999999992,10.955464999999995,60.158194,24.791754
0,8.568097000000002,9.311958000000002,7.345141999999999,9.831659000000005,9.718465000000004,9.911427999999999,11.661353000000002,6.730199000000002,10.808744999999998,11.308499999999997,9.805658000000005,8.246623000000001,5.2171569999999985,8.028988,10.205956,60.212508,24.819549
0,2.841569,2.15355,3.9631780000000005,3.1526449999999997,3.0394509999999997,3.022061000000001,6.866306999999998,3.380387,2.7769629999999994,3.765413999999999,2.989319000000001,2.448222,5.5098069999999995,4.662819000000001,3.316589,60.15693191359567,24.912200440174857
0,7.684803999999999,8.005134,7.326532000000001,7.047650999999999,7.160844999999999,7.515875999999998,4.789225999999998,8.051207999999999,9.858468999999994,8.922565999999994,7.368621999999995,8.317759999999998,9.912376999999998,6.4026010000000015,7.292703,60.19270789626325,25.042580274921047
0,7.6994739999999995,8.019803999999999,7.341202000000001,7.062320999999999,7.175514999999999,7.5305459999999975,4.760195999999999,8.065878,9.873138999999993,8.937235999999995,7.379978999999996,8.332429999999999,9.927046999999998,6.417271000000001,7.307373,60.187234122757424,25.036412289626025
0,8.041924999999999,8.362255000000001,7.683653000000001,7.404772,7.517966,7.872996999999999,5.152181999999998,8.408329000000002,10.215589999999995,9.279686999999994,7.733636999999994,8.674880999999996,10.269497999999995,6.759722000000003,7.6498240000000015,60.19912713758262,25.042592465753465
0,8.124077999999999,8.444408000000001,7.765806000000001,7.486925,7.600119,7.955149999999999,5.3488679999999995,8.490482000000004,10.297742999999995,9.361839999999995,7.8045829999999965,8.757033999999997,10.351650999999999,6.841875000000003,7.731977000000001,60.204561663649095,25.033597412211737
0,10.579964999999994,10.900295000000002,10.221693000000002,9.942812000000004,10.056006000000005,10.411037000000004,7.646297999999997,10.946369,12.753629999999998,11.817727000000001,10.242862,11.212920999999996,12.807537999999997,9.297762000000002,10.187864000000001,60.171980271468335,25.032968849816825
0,11.393871999999991,11.714201999999997,11.035599999999997,10.756718999999999,10.869913,11.224943999999999,8.454593999999997,11.760275999999996,13.567536999999993,12.631633999999996,11.030837000000002,12.026827999999993,13.621444999999992,10.111668999999996,11.001770999999996,60.16886855835367,25.020860955309665
0,7.462455000000001,7.7827850000000005,7.104183000000003,6.825302000000001,6.938496000000001,7.293526999999999,4.687245000000001,7.828859000000001,9.636119999999996,8.700216999999999,7.142959999999999,8.095411000000002,9.690028000000002,6.180252000000003,7.070354000000002,60.19844295116548,25.032112127941765
0,6.771167000000001,7.091497,6.412895000000003,6.134014,6.247208,6.602238999999999,3.8318890000000003,7.137571000000003,8.944831999999996,8.008929,6.451671999999998,7.404123000000002,8.99874,5.488963999999999,6.379066000000001,60.19021014587901,25.026065710136564
0,6.999263000000001,7.319593,6.640991000000002,6.3621099999999995,6.475304,6.830334999999998,4.2240530000000005,7.365667000000002,9.172927999999997,8.237025,6.679767999999997,7.632219000000002,9.226836000000002,5.717060000000002,6.6071620000000015,60.194614624348006,25.02887208274608
0,8.784094000000001,9.104424,8.425822000000002,8.146941,8.260135,8.615165999999997,5.850426999999999,9.150498000000002,10.957758999999994,10.021855999999994,8.473117999999996,9.417050000000001,11.011666999999997,7.501891000000002,8.391993000000001,60.18374384938291,25.05303785910193
0,9.732318999999997,10.052648999999997,9.374047000000003,9.095165999999999,9.20836,9.563391,6.798651999999996,10.098723000000001,11.905983999999993,10.970080999999997,9.371107999999996,10.365274999999999,11.959891999999996,8.450115999999998,9.340218,60.17549032254954,25.04490070593989
0,10.762064999999993,11.082395,10.403793,10.124912000000002,10.238106000000004,10.593137000000002,7.892521999999999,11.128468999999999,12.935729999999996,11.999827,10.283956999999996,11.395020999999995,12.989637999999996,9.479862000000002,10.369964,60.20960066552812,25.07596801515546
0,5.460158999999999,5.780489000000002,5.101887,4.823006000000001,4.936200000000001,5.291231000000001,2.6849490000000005,5.826562999999999,7.633823999999999,6.697921000000003,5.140663999999998,6.093115,7.687731999999999,4.177956000000001,5.068058,60.188950088551046,25.006566530899704
0,9.034062000000002,9.354391999999997,8.675790000000003,8.396908999999999,8.510103,8.865133999999996,6.100394999999998,9.400466000000003,11.207726999999993,10.271823999999993,8.781259,9.667018,11.261634999999998,7.751859000000001,8.641961000000002,60.18009213610057,25.05188370479307
0,7.257213999999999,7.5775440000000005,6.898942000000001,6.620061000000001,6.733255000000001,7.088285999999999,4.317935999999999,7.623618,9.430878999999997,8.494976,6.937718999999996,7.89017,9.484787,5.975011000000001,6.865113000000002,60.18795810306132,25.031385306773423
0,7.423125,7.743455000000001,7.064853000000002,6.785972000000001,6.899166000000001,7.254197,4.483846999999999,7.789529000000002,9.596789999999995,8.660886999999999,7.103629999999999,8.056081,9.650698,6.140922000000003,7.031024000000002,60.19100958139025,25.037070035460086
0,10.242278999999993,10.562608999999998,9.884007,9.605126,9.718320000000002,10.073351,7.3467009999999995,10.608683,12.415943999999994,11.480040999999998,9.924566999999994,10.875234999999995,12.469851999999996,8.960075999999999,9.850177999999998,60.20432489166999,25.07606935994523
0,10.82676799999999,11.147097999999998,10.468495999999998,10.189615,10.302809000000002,10.65784,7.931101999999999,11.193171999999997,13.000432999999994,12.064529999999998,10.505580999999992,11.459723999999992,13.054340999999994,9.544565,10.434666999999997,60.20360955659899,25.086296156701028
0,4.614689000000002,4.9198830000000005,4.578359000000001,3.9624000000000006,4.075594000000001,4.430625000000001,1.3087869999999997,5.303034999999998,6.773217999999999,5.837315000000003,4.244955000000001,5.288776000000002,7.164203999999999,3.8687960000000015,4.207452,60.181861779166056,24.992037110168354
0,6.971180000000001,7.29151,6.612908000000003,6.334026999999999,6.447221,6.8022519999999975,4.046734,7.337584000000001,9.144844999999997,8.208941999999999,6.651684999999997,7.604136000000002,9.198753000000002,5.688977000000001,6.579079000000001,60.19313762536413,25.031111942585127
0,8.964696,9.285025999999998,8.606424000000002,8.327543000000002,8.440737000000002,8.795767999999997,6.069117999999999,9.331100000000005,11.138360999999993,10.202457999999993,8.63553899999999,9.597652,11.192269,7.682493000000001,8.572595000000002,60.1987054995554,25.05854933123242
0,8.447046,8.767376000000002,8.088774000000003,7.809893000000001,7.9230870000000015,8.278118,5.551467999999997,8.813450000000003,10.620710999999995,9.684807999999997,8.129333999999995,9.080002,10.674618999999998,7.164843000000004,8.054945000000002,60.19553971683871,25.053580944057305
0,11.628874999999995,11.949205,11.270603,10.991722000000001,11.104916000000003,11.459947000000001,8.759331999999995,11.995278999999998,13.802539999999995,12.866636999999999,11.301011999999993,12.261830999999995,13.856447999999993,10.346671999999998,11.236773999999999,60.21482071331432,25.09112452769074
0,11.967756999999992,12.288086999999997,11.609484999999998,11.330604,11.443798000000001,11.798829,9.072090999999995,12.334160999999996,14.141421999999993,13.205518999999997,11.644020999999993,12.600712999999992,14.195329999999991,10.685553999999996,11.575655999999997,60.20905963366239,25.100426060233303
0,10.359707999999998,10.680038000000001,10.001436000000002,9.722555000000003,9.835749000000005,10.190780000000004,7.426041,10.726112,12.533372999999997,11.597470000000001,10.022446999999998,10.992663999999998,12.587280999999996,9.077505,9.967607000000001,60.16773050334599,25.047496264887712
0,9.405714000000001,9.726043999999996,9.047442000000004,8.768560999999998,8.881755,9.236785999999999,6.542960999999997,9.772118000000004,11.579378999999992,10.643475999999994,9.081916999999999,10.038669999999996,11.633287000000001,8.123511,9.013613,60.209287,25.055528
0,8.960618,9.280947999999999,8.602346000000002,8.323465000000002,8.436659000000004,8.791689999999997,6.1049029999999975,9.327022000000005,11.134282999999995,10.198379999999993,8.608392999999998,9.593574,11.188191,7.678415000000002,8.568517000000002,60.20596244959136,25.04516115672629
0,8.758599000000002,9.078929,8.400327000000003,8.121446,8.23464,8.589671000000001,5.983388999999999,9.125003000000005,10.932263999999996,9.996360999999997,8.439103999999999,9.391555000000002,10.986171999999998,7.476396000000003,8.366498000000002,60.20947670530612,25.03748221566049
0,8.994307999999998,9.314637999999997,8.636036000000002,8.357154999999999,8.470349,8.825379999999996,6.078832999999999,9.360712000000003,11.167972999999993,10.232069999999993,8.690725999999994,9.627263999999998,11.221880999999998,7.712105,8.602207,60.19164687919301,25.06118417092495
0,9.359971,9.680300999999996,9.001699000000002,8.722817999999993,8.836011999999995,9.191042999999993,6.4643929999999985,9.726375000000003,11.53363599999999,10.597732999999991,9.033940999999995,9.992926999999996,11.587543999999998,8.077767999999999,8.96787,60.20207298671284,25.060046596074795
0,6.016398000000001,6.328734000000002,5.658126000000002,5.371251,5.484445000000001,5.8394759999999994,2.9976750000000005,6.382802000000001,8.182068999999998,7.246166000000002,5.672267000000001,6.6493540000000015,8.243971000000002,4.734195000000001,5.616303,60.187998177032696,25.015391648483803
0,11.10442899999999,11.424758999999998,10.746156999999997,10.467276,10.580470000000002,10.935501,8.208850999999997,11.470832999999997,13.278093999999994,12.342190999999998,10.786716999999992,11.737384999999993,13.332001999999994,9.822225999999999,10.712327999999998,60.20899759942336,25.0867821055208
0,2.2646830000000007,2.435645,2.731222999999999,1.3603990000000001,1.4735930000000002,1.837789,2.933673,3.409805999999999,4.28898,3.2645020000000002,1.6235829999999998,2.8045380000000004,5.270974999999998,2.4823399999999998,1.538815,60.17806592826971,24.958452215046275
0,5.3136,5.621060000000003,5.032844,4.663577000000002,4.776771000000003,5.131802,2.290001000000001,5.7575199999999995,7.474394999999999,6.538492000000003,4.953932000000002,5.989953000000004,7.618689,4.108913000000001,4.9086289999999995,60.18588749805257,25.00601922389024
0,8.076145,9.178787,7.380661000000002,8.221304000000003,8.334498000000005,8.689528999999999,7.704124,8.211780000000005,11.032121999999996,10.096218999999996,8.544228000000006,8.668713999999996,9.227929999999999,6.552469000000002,8.672550000000001,60.23030192663912,24.998533819860555
0,7.030285,8.132927000000004,6.334801000000001,7.175444000000003,7.288638000000003,7.643669000000003,6.658263999999998,7.165920000000002,9.986261999999996,9.050358999999998,7.498368000000004,7.622854,8.307878,5.506609,7.626690000000002,60.22421214100464,24.98860011548657
0,6.141004999999997,7.243647000000004,5.445521000000001,6.286164000000002,6.399358000000003,6.7543890000000015,5.745611,6.276640000000001,9.096981999999999,8.161079000000004,6.600875000000004,6.733573999999998,7.431343000000001,4.6173290000000025,6.737410000000001,60.217214807977534,24.98442007835869
0,11.768000999999991,12.088330999999998,11.409728999999997,11.130848,11.244042000000002,11.599073,8.898457999999996,12.134404999999997,13.941665999999994,13.005762999999996,11.449816999999994,12.400956999999993,13.562472999999997,10.485797999999997,11.375899999999998,60.22408646778726,25.075395792228694
0,7.6066400000000005,8.709398,6.653485999999998,7.779637000000003,7.892831000000003,8.247862000000001,7.403487999999999,7.484604999999999,10.590454999999997,9.654551999999999,8.105371000000002,8.199209000000002,8.356395000000001,5.889236000000002,8.230883000000002,60.23178406584145,24.978138919040457
0,10.206349000000007,11.308990999999997,9.510864999999995,10.351507999999997,10.464701999999999,10.819732999999998,8.773403999999996,10.341984000000002,13.162325999999991,12.226422999999995,10.672073000000006,10.798918000000004,11.483941999999997,8.682672999999998,10.802754000000006,60.23033717886547,25.04356806988234
0,13.464974000000002,13.120522000000003,13.298048999999994,14.148181000000001,14.034987,14.084916,17.614259999999994,12.674695999999999,13.974237,14.962688000000002,13.905698999999993,12.969446000000003,10.824025999999998,13.981894999999993,14.379444,60.172673,24.726025
0,9.640573999999999,9.296121999999997,10.101952999999993,10.323780999999995,10.210586999999993,10.260515999999994,13.861093000000002,9.478600000000002,10.149836999999996,11.138287999999998,10.135483999999996,9.145046,7.627930000000002,10.785798999999992,10.555043999999995,60.1637,24.790132
0,11.575919999999993,11.896250000000002,11.217647999999999,10.938767000000004,11.051961000000004,11.406992000000004,8.706376999999996,11.942324,13.749584999999998,12.813682,11.256522,12.208875999999995,13.803492999999994,10.293717,11.183819000000002,60.21985096601641,25.077470244052627
0,10.625707999999998,10.946038,10.267436000000002,9.988555000000002,10.101749000000003,10.456780000000002,7.7561649999999975,10.992112,12.799372999999996,11.86347,10.307140999999996,11.258663999999998,12.541818000000001,9.343505000000002,10.233607,60.21825196984328,25.05910387617357
0,11.347677999999995,11.668008,10.989405999999999,10.710525000000002,10.823719000000002,11.178750000000003,8.478134999999998,11.714081999999998,13.521342999999995,12.585439999999998,11.029275999999996,11.980633999999995,13.000273,10.065475,10.955577,60.22356519670723,25.0654218381558
0,11.040382999999993,11.360713000000002,10.682110999999999,10.403230000000002,10.516424000000004,10.871455000000003,8.170839999999998,11.406786999999998,13.214047999999996,12.278145,10.713149999999995,11.673338999999995,13.267955999999995,9.75818,10.648282000000002,60.21249416558419,25.08232209439382
0,1.8358870000000005,1.0273519999999998,3.293178,1.7176980000000004,1.6045040000000004,1.2583310000000003,5.433788000000001,3.084295,1.515356,2.0184159999999998,1.4255750000000003,1.7409059999999998,5.213715,3.7986729999999995,1.691883,60.1618359,24.9368179
0,1.5077300000000002,0.700338,2.9650210000000006,1.3895409999999997,1.2763469999999997,0.9301740000000002,5.105631000000002,3.067854,1.8435130000000006,1.9088129999999999,1.0974180000000002,1.724465,5.197274,3.470515999999999,1.3637260000000002,60.16345894291,24.94177084206
0,4.221057000000002,4.526251,3.873398999999999,3.568768,3.681962,4.036993000000002,1.688245,4.598074999999999,6.379586000000001,5.443683000000003,3.8336490000000003,4.8646270000000005,6.459244,2.949468000000001,3.813819999999999,60.185922,24.979739
0,1.6779979999999999,1.1665009999999998,2.9005800000000006,2.1941599999999992,2.0809659999999996,2.1308949999999998,5.731471999999999,2.3472169999999997,2.007705,2.9961559999999987,2.064536,1.2846509999999998,4.476636999999999,3.6002209999999994,2.4254229999999994,60.164088,24.9225658
0,0.7285099999999999,1.3581820000000002,1.5730810000000002,1.9521670000000002,1.8389730000000002,2.0319359999999995,5.3090639999999985,1.581355,3.129176,3.429007999999999,1.81438,0.29282499999999995,3.697008999999999,2.1995709999999997,2.3264639999999996,60.174063715,24.92822758053
0,1.5021000000000002,1.007137,2.9593910000000005,1.2986109999999995,1.1854169999999995,0.805749,5.017897000000001,3.229892,1.9758930000000003,1.6028319999999996,0.995858,1.8395510000000004,5.229475,3.3827819999999997,1.2727959999999998,60.1631032,24.94596
0,1.2969659999999996,0.647921,2.724345000000001,1.716937,1.603743,1.661044,5.212892000000001,2.475615000000001,2.2889120000000003,2.8633519999999986,1.148538,1.132226,4.605035000000001,3.3508350000000005,1.955572,60.1673332,24.9357851
0,2.9874960000000006,2.557711999999999,4.485063,2.1001870000000005,1.9869930000000005,1.436447,6.025487999999997,4.7173719999999975,2.1413220000000006,0.16862,1.7172199999999997,3.3652230000000003,6.755147000000002,4.740959000000002,1.9074230000000003,60.155309,24.9591271
0,0.7296520000000001,1.0777029999999999,1.935286,1.594975,1.4817810000000002,1.6747439999999998,5.090930000000001,1.9640480000000002,2.8595159999999997,3.071815999999999,1.431687,0.507436,4.069755999999999,2.5617760000000005,1.969272,60.1713589074265,24.9318975121428
0,1.2802890000000002,0.988924,2.781450000000001,0.952777,0.839583,0.6324339999999999,4.668867000000003,3.0519509999999994,2.47867,2.0295060000000005,0.6948269999999999,1.6616099999999998,5.051534,3.033752,0.926962,60.166890083486,24.9442610720753
0,1.471602,1.1802369999999998,2.972763000000001,0.7309,0.617706,0.410557,4.560062000000003,3.243264,2.463134000000001,1.807629,0.6201490000000001,1.8529230000000003,5.242846999999999,3.225065,0.7050850000000001,60.16723083051,24.94746581951
0,2.75984,3.6037969999999993,2.3441179999999995,2.6463140000000003,2.7595080000000003,3.1145390000000015,3.0021050000000007,3.070748999999999,5.457132,4.521229000000002,3.0066119999999996,3.352409,4.858047000000001,1.263497,3.243729999999999,60.190857,24.956262
0,2.116574,2.698644,2.2976080000000003,1.7411609999999997,1.8543549999999998,2.2093860000000003,2.775639,3.001520999999999,4.551978999999999,3.6160759999999996,2.072084,2.8701639999999995,4.86269,1.757307,2.192407,60.1831601181109,24.9551952848703
0,3.9221340000000007,3.5776820000000016,4.941011,4.605341000000001,4.492147000000001,4.542076000000002,8.142653,4.351661999999999,4.431397,5.419848000000005,4.405003000000001,3.4266059999999987,6.481082,5.640652,4.836604000000002,60.156817,24.8850653
0,3.016876,2.1572400000000003,4.375301,2.8170519999999994,2.7038579999999994,2.3241899999999998,6.536337999999999,3.9507729999999994,0.357653,1.868906,2.508194,2.7401839999999993,6.080192999999999,4.901223000000003,2.7912369999999997,60.15352968178976,24.93125406706023
0,1.9068029999999996,1.0420849999999997,3.253557,1.911402,1.798208,1.5925369999999999,5.625063999999999,2.935871,1.627704,2.583300999999999,1.5843639999999999,1.6184399999999999,5.065291,3.8800470000000002,1.887065,60.1622251,24.9297099
0,1.9883799999999996,2.0624849999999997,2.237466000000001,3.0248440000000003,2.9116500000000007,3.097829000000001,6.203129,1.153451,3.4757930000000004,4.26129,2.8345910000000005,1.3292840000000001,3.27411,2.9371069999999997,3.3923569999999996,60.1733331557525,24.907670424697
0,4.741549000000002,4.397097000000001,5.760425999999999,5.424756000000003,5.311562000000003,5.361491000000004,8.962067999999999,5.171077,5.250812000000001,6.239263000000005,5.224417999999999,4.246021,7.300497,6.460066999999999,5.656019000000004,60.15066,24.8812502
0,3.0195499999999997,3.7922449999999994,1.739236,4.300235999999999,4.187041999999998,4.380005,6.055446999999997,1.6395810000000002,5.487197000000001,5.777077000000002,4.2687219999999995,2.810623,1.9337060000000001,2.4230820000000004,4.674533,60.1934696,24.905889
0,1.9630999999999998,1.4016839999999995,3.089129,2.400778999999999,2.287584999999999,2.2701950000000015,6.0437379999999985,2.5019180000000003,2.0250970000000006,3.0135479999999983,2.208004000000001,1.5697530000000004,4.6313379999999995,3.788769999999999,2.5647230000000003,60.1619311,24.9214896
0,2.236209,3.0478300000000003,0.845341,3.546392000000001,3.433198000000001,3.6355900000000014,5.119422,1.0941249999999998,4.941741000000002,5.032662000000002,3.479875,2.265167,2.6258579999999996,1.4870570000000003,3.9301180000000002,60.1894025,24.9205978
0,2.6009059999999993,2.1275289999999996,3.619783000000001,3.1266239999999987,3.0134299999999987,3.020995000000001,6.730585999999996,3.030433999999999,2.7758969999999996,3.764347999999999,2.99381,2.105378,5.159853999999999,4.319424,3.3155229999999998,60.1618133723859,24.9065572669725
0,2.4815399999999994,1.986577,3.9388309999999995,2.025557,1.9123630000000003,1.46646,5.854719,4.146236999999999,1.5037230000000001,0.7524320000000002,1.6993820000000002,2.802848,6.208915,4.324724,1.9374360000000002,60.15544479382098,24.95029288969032
0,1.3391269999999997,0.6169470000000001,2.6858810000000006,1.616042,1.502848,1.5527769999999999,5.255053,2.3771490000000006,1.9987830000000002,2.573222999999999,1.4324,1.0507639999999998,4.506569000000001,3.3123710000000006,1.847305,60.16568,24.931422
0,1.2022040000000003,0.772069,2.3873030000000006,1.841085,1.727891,1.8507409999999995,5.33704,2.0754950000000005,2.376186,3.0408419999999983,1.6927320000000001,0.74911,4.204915,3.086944,2.145269,60.1686095,24.9305373
0,1.8256469999999998,1.5411920000000001,3.333718,0.616336,0.510517,0.5279449999999999,4.209713000000002,3.604219,3.134303000000001,1.9546580000000005,0.31060899999999997,2.2138780000000002,5.603802000000001,3.540774999999999,0.161205,60.168384,24.9583814
0,0.36035500000000004,1.103997,1.5160879999999999,1.6119880000000002,1.4987940000000004,1.6917569999999995,5.1079430000000015,1.7788009999999999,3.166073,3.088828999999999,1.6410710000000002,0.5980590000000001,3.783603999999999,2.142578,1.9862849999999999,60.1739641,24.9329875
0,2.1413649999999995,1.54695,3.5986559999999996,1.8925150000000004,1.7793210000000004,1.3996530000000003,5.621061999999999,3.663972,1.465856,1.2150189999999998,1.5479419999999995,2.320583,5.793391999999999,3.9859469999999986,1.8667,60.1581892,24.9449274
0,2.078782,2.681171,2.051932,1.7236880000000003,1.8368820000000003,2.1919130000000013,3.026856000000001,2.755844999999999,4.534506,3.598603,2.0783069999999997,2.832371999999999,4.617013999999999,1.5116309999999997,2.3211039999999996,60.1842833,24.9526763
0,1.655144,1.275643,3.1456370000000007,0.9144419999999999,0.801248,0.42158000000000007,4.743604000000002,3.416138,2.343734000000001,1.480887,0.565656,2.025797,5.415721,3.4086069999999995,0.888627,60.1650171805,24.94947287873
0,1.017085,1.088249,1.919326,1.8772090000000003,1.7640150000000003,1.9569779999999997,5.373164000000001,1.6075179999999996,2.6973629999999997,3.354049999999999,1.8781909999999997,0.281133,3.7369379999999985,2.618967,2.2515059999999996,60.1711591,24.924961
0,0.414678,1.000266,2.164142000000001,1.3234089999999996,1.2102149999999996,1.5495199999999998,4.819364000000001,2.4409319999999997,3.1810789999999995,2.956209999999999,1.1819650000000004,1.1991209999999997,4.4405149999999995,2.491347,1.762506,60.1712579,24.9374279
0,3.7323010000000005,4.504996,2.406869,5.012986999999999,4.899792999999999,5.092756000000001,6.530252999999996,2.3290509999999993,6.206248999999999,6.489828000000004,4.9318599999999995,3.529675,1.8738430000000001,2.897888,5.387284000000001,60.1989402,24.9012997
0,4.2731530000000015,5.045848000000001,2.933230999999999,5.553839,5.440645,5.633608000000001,6.998329999999996,2.8695619999999997,6.747100999999998,7.030680000000003,5.481071999999998,4.070527,2.3129219999999995,3.3868229999999993,5.928136,60.2034735,24.8989297
0,2.473775,3.2855409999999994,2.115503,2.3280579999999995,2.4412519999999995,2.7962830000000007,2.86703,2.8401789999999987,5.1388760000000016,4.202973000000001,2.680621,3.1067309999999995,4.701347999999999,1.21626,2.925474,60.1882752174,24.95597593163
0,2.2868470000000003,1.9918879999999997,3.7844140000000004,1.404714,1.29152,0.7409739999999999,5.3300149999999995,4.054915,2.2035220000000004,0.8104539999999999,1.034521,2.6645739999999996,6.054498000000002,4.040309999999999,1.21195,60.160959094315416,24.95634747175871
0,1.522171,0.873126,2.7181490000000004,1.900785,1.787591,1.8375199999999996,5.438097000000001,2.29941,1.9542950000000003,2.9035999999999986,1.695922,1.079956,4.42883,3.4177899999999997,2.1320479999999997,60.1658121,24.927021
0,1.034975,0.8562659999999999,2.1319490000000005,1.8196770000000002,1.7064830000000002,1.8926619999999998,5.315632000000001,1.8201409999999996,2.460383,3.125038999999998,1.7609949999999999,0.4937560000000001,3.9495609999999988,2.8315899999999994,2.18719,60.16957343209,24.92659049777
0,3.3175599999999994,2.5926920000000004,4.415765999999999,3.5917869999999996,3.478593,3.4612030000000007,7.305448999999998,3.861248,3.216105,4.204556,3.518777000000001,2.901360999999998,5.9906679999999985,5.115406999999999,3.755731,60.150395628620245,24.915862667368163
0,0.872008,1.0393219999999999,2.527908000000001,1.006942,0.8937480000000001,1.2330529999999995,4.502897000000002,2.7984089999999995,3.09023,2.6397429999999984,1.1223960000000002,1.408215,4.797992,2.858398,1.4460390000000003,60.1690724,24.9394195
0,1.290483,1.1405689999999997,2.3464610000000006,2.1423560000000004,2.029162,2.1049629999999997,5.638310999999999,1.7930979999999999,2.385546,3.171042999999998,1.9796350000000003,0.8320560000000001,3.9225179999999993,3.046102,2.399490999999999,60.1680998,24.9220763
0,2.4347679999999996,2.1496779999999998,3.9422040000000003,1.232832,1.119638,1.136431,4.9159060000000006,4.212704999999999,3.7427890000000006,2.5631440000000003,0.922061,2.822364,6.212288000000002,4.149896,0.605115,60.1647545,24.9674861
0,4.687844000000001,4.343392000000001,5.706720999999998,5.371051000000002,5.257857000000002,5.307786000000003,8.908362999999998,5.117372,5.197107,6.185558000000005,5.194190000000001,4.192315999999999,7.246791999999999,6.406361999999998,5.602314000000003,60.1498127,24.8861094
0,2.993612,2.7091570000000003,4.501683,1.7843010000000001,1.678482,1.69591,5.330745,4.772183999999998,4.302267999999999,3.1226230000000004,1.4441160000000002,3.381843000000001,6.7717670000000005,4.7087400000000015,1.2068840000000003,60.1678703,24.9755341
0,2.114961,2.8876560000000002,0.938905,3.395647,3.282453,3.4754160000000014,5.287051999999999,0.817349,4.664965000000002,4.872488000000002,3.386159,1.9883909999999998,2.349082,1.7423740000000003,3.7699440000000006,60.1878352,24.9180102
0,0.712411,0.8376039999999998,2.0735780000000004,1.3647549999999997,1.2515609999999997,1.4377399999999998,4.860710000000001,2.150081,2.8653859999999995,2.8348119999999994,1.3173979999999998,0.6833649999999999,4.255789,2.7000680000000004,1.732268,60.1700420359,24.93460698
0,1.5641720000000006,2.3757930000000003,0.320332,2.874355000000001,2.761161000000001,2.9635530000000005,4.606565000000002,0.8860490000000001,4.355139000000001,4.360625,2.8078380000000003,1.6271029999999997,2.747218,1.3128220000000004,3.2580809999999993,60.1845055,24.9249741
0,2.1322889999999997,1.3237539999999999,3.58958,2.0141000000000004,1.9009060000000004,1.5547330000000004,5.7301899999999995,3.284465,1.2189540000000003,2.019291,1.7219770000000005,2.037308,5.4138850000000005,4.095075,1.988285,60.1600875931318,24.9340656851357
0,0.9854900000000002,1.150387,2.6413900000000003,0.453395,0.34020100000000003,0.682783,4.247880000000002,2.9118909999999993,2.776683,2.089473,0.556237,1.521697,4.911474,2.7389529999999995,0.8924920000000001,60.16986222858,24.9481463998
0,0.612236,0.7911209999999999,2.274944000000001,0.8265610000000001,0.7133670000000002,1.0526719999999998,4.322516000000001,2.5454449999999995,2.9098490000000004,2.4593619999999996,0.9311789999999999,1.1552509999999998,4.545027999999999,2.620179,1.2656580000000002,60.1708236,24.9425268
0,0.47565199999999996,0.7819779999999998,2.1383600000000005,1.1051209999999998,0.9919269999999999,1.3312319999999993,4.601076000000002,2.408861,2.9627909999999997,2.7379219999999993,1.101261,1.0186669999999998,4.408443999999999,2.552321,1.544218,60.1706061,24.9397601
0,1.5268689999999998,1.6813099999999994,3.182769000000001,0.12127699999999998,0.23447099999999998,0.7085769999999999,4.092907000000001,3.45327,3.296095,2.13529,0.4610679999999999,2.063076,5.452853000000001,3.0488649999999997,0.547626,60.17110664588,24.95555819284
0,2.762958,2.45371,3.781835000000001,3.481368999999999,3.3681749999999995,3.4181040000000005,7.018680999999998,3.1924859999999993,3.3074250000000003,4.295876,3.2868390000000005,2.26743,5.321905999999999,4.481476000000001,3.7126319999999993,60.16478138043,24.90096080349
0,1.239145,1.3103090000000002,1.83352,2.0992689999999996,1.9860749999999998,2.179038,5.595223999999999,1.370493,2.921548,3.5761099999999986,2.246752,0.244974,3.4999129999999985,2.5331609999999998,2.4735659999999995,60.1731473,24.9224112
0,1.478183,1.2891510000000002,3.0816770000000004,0.27624699999999996,0.163053,0.450817,4.437157000000002,3.352178,2.898361,1.857507,0.22042400000000004,1.961837,5.351761,3.1933109999999996,0.554682,60.1691278,24.9526414
0,2.426555,1.6191629999999997,3.883846,2.2267310000000005,2.113537000000001,1.7338690000000005,5.9460169999999986,3.57645,1.0196990000000001,1.661176,1.8461480000000006,2.365861,5.70587,4.310902000000001,2.2009160000000003,60.1579483,24.9362853
0,1.4911130000000001,2.590976,1.4944620000000004,1.7082940000000002,1.821488,2.1765190000000008,3.592305000000002,2.173045,4.519112,3.5832089999999996,2.062913,2.2447029999999994,4.0342139999999995,1.2455790000000004,2.376546,60.183164,24.9441949
0,2.58465,1.8597819999999998,3.682856000000001,2.8588769999999997,2.7456829999999997,2.7282930000000007,6.572538999999998,3.1283379999999994,2.483195,3.471645999999998,2.7075060000000004,2.168451,5.257757999999999,4.382497,3.0228209999999995,60.156838,24.920661
0,0.8293189999999998,1.5848900000000004,1.172505,2.092881,1.9796870000000002,2.17265,5.0433010000000005,1.352389,3.550659,3.5697219999999987,2.043721,0.714308,3.2755259999999997,1.8663510000000003,2.4671779999999996,60.1775598,24.9283272
0,1.1172339999999998,1.8728049999999998,1.0192560000000002,2.380796,2.267602,2.460565,4.9849190000000005,1.064474,3.7200260000000007,3.8576369999999978,2.331636,1.002223,3.00845,1.7188970000000001,2.755092999999999,60.1791231,24.9249114
0,1.9824190000000008,2.8864050000000008,0.498795,3.0455590000000003,3.1587530000000004,3.474165000000002,4.6850900000000015,1.519387,4.900419000000002,4.871237000000002,3.3400220000000003,2.137715,3.2704509999999996,1.07574,3.7138110000000006,60.1892172,24.9292286
0,1.4509480000000001,1.1595829999999998,2.952109000000001,0.700583,0.587389,0.213291,4.5394080000000026,3.22261,2.6608350000000005,1.6199810000000001,0.205012,1.8322690000000001,5.222193,3.2044109999999995,0.5078189999999999,60.1674573,24.9510227
0,1.9254879999999999,1.6305289999999995,3.4230549999999997,1.033199,0.920005,0.369459,4.958500000000001,3.693556,2.7036789999999993,1.408912,0.6938459999999997,2.3032150000000002,5.693139,3.6789509999999996,0.8404349999999999,60.165343,24.953535
0,1.3265199999999997,0.45405700000000004,2.7779320000000003,1.2660079999999998,1.1528139999999998,0.9471430000000002,4.979670000000002,2.8215730000000003,2.0430900000000003,2.1550940000000005,0.9380899999999998,1.4781840000000002,4.950993,3.3445549999999997,1.241671,60.1652883,24.9391499
0,1.845077,1.037685,3.302368,1.645253,1.5320590000000003,1.1523910000000004,5.364539,3.1547069999999993,1.5263590000000002,1.6121739999999998,1.3394880000000002,1.8113179999999998,5.284126999999999,3.7294239999999994,1.619438,60.1609859,24.9417758
0,2.708175,3.823829,2.081068,2.8894220000000006,3.0026160000000006,3.357647000000002,3.5334320000000012,2.874961999999999,5.700240000000001,4.764337000000003,3.254981,3.168487,4.445534999999999,0.850985,3.486837999999999,60.193486,24.9487524
0,3.679254,4.6145830000000005,2.024456,4.649916000000001,4.763110000000001,5.1181410000000005,5.720931999999997,2.7709249999999996,6.593928999999998,6.5248310000000025,4.992821000000001,3.8658930000000007,3.2333280000000006,2.167657,5.318168000000004,60.202539,24.922458
0,3.1950869999999996,4.188916,1.5987890000000002,4.165749,4.278943,4.633974000000001,5.259052,2.392219,6.168261999999999,6.040664000000003,4.494624,3.440226,3.096761,1.6834899999999997,4.834001000000002,60.199151,24.924873
0,4.061584,4.873205000000001,2.2830780000000006,5.0465219999999995,5.159716,5.460965000000001,6.117537999999996,3.029546999999998,6.852550999999998,6.858037000000004,5.315556000000002,4.1245150000000015,3.4311260000000003,2.564263,5.714774000000002,60.20499,24.918419
0,6.194038000000003,6.937898999999999,4.971083,7.457600000000001,7.344406000000001,7.537369000000002,9.114338999999992,4.35614,8.434686,8.934441,7.422612999999999,5.872564,3.011373999999999,5.494943,7.831897000000001,60.20969562580255,24.868739477207995
0,4.134018000000001,4.906713000000002,2.5016899999999995,5.363730000000001,5.30151,5.494473000000001,6.566788999999996,2.757581,6.6079659999999985,6.891545000000003,5.340578999999998,3.931392,2.4368189999999994,2.955282,5.789001000000001,60.2024393,24.9054609
0,5.751722,6.5244170000000015,4.362093999999999,7.032408,6.919214,7.112177000000001,8.424207999999997,4.129873,8.208418999999997,8.509249,6.957073,5.547823000000001,2.7851069999999996,4.812701,7.4067050000000005,60.21107529627341,24.881660254358646
0,6.735972999999998,7.838730999999999,5.828524000000002,6.908970000000001,7.022164000000002,7.377195,6.532820999999999,6.6596430000000035,9.719787999999998,8.783884999999998,7.234704000000001,7.328541999999999,7.531432999999999,5.064274000000001,7.360215999999999,60.22493036511101,24.972819375145058
0,4.203376000000002,4.508570000000001,4.167045999999999,3.5510870000000003,3.6642810000000003,4.019312000000002,0.6335390000000001,4.891721999999999,6.361905000000001,5.426002000000003,3.821093000000001,4.877463000000001,6.752890999999999,3.457483000000002,3.7961389999999993,60.1799061407845,24.9825269338027
0,5.1035249999999985,6.206283,4.342373000000001,5.276522000000003,5.3897160000000035,5.744747000000002,4.900372999999999,5.173491999999999,8.08734,7.151437000000004,5.602256000000002,5.696093999999999,6.451035000000002,3.514181000000001,5.727768000000002,60.212701,24.969956
0,6.269669,7.385323000000001,5.156663000000001,6.822133000000002,6.935327000000002,7.290358000000001,6.914396,5.958907999999999,9.471865999999997,8.697048,7.180598000000003,6.689537999999999,6.726063000000001,4.593739000000001,7.419549000000001,60.22440378465167,24.95256124358972
0,5.784608,6.900262,4.671602,6.206994,6.320188,6.6752189999999985,6.268152999999998,5.473846999999999,8.986804999999997,8.081909000000001,6.559703000000003,6.204476999999999,6.375996999999999,3.991055000000002,6.804409999999999,60.2208057097763,24.9479290250383
0,7.280360000000003,8.396014000000003,6.167354000000002,7.639775000000001,7.752969000000002,8.108,7.2636259999999995,6.969599000000001,10.450592999999996,9.514689999999996,7.948795999999999,7.700229,7.606075999999999,5.515413000000004,8.091021000000001,60.230141,24.962531
0,4.8842929999999996,5.999946999999999,3.771287,5.2799010000000015,5.393095000000002,5.748126000000001,5.425071,4.573531999999998,8.086489999999998,7.154816000000004,5.634754000000001,5.304161999999999,5.475682000000002,3.0726390000000015,5.8773170000000015,60.213421,24.9437964
0,7.835729000000002,8.951383000000002,6.722723000000002,8.192875000000003,8.306069000000003,8.661100000000001,7.816726,7.524968,11.003692999999995,10.067789999999997,8.505023999999999,8.255597999999999,8.139528999999994,6.068513000000001,8.644121,60.23370685633967,24.96539507775229
0,3.387670000000001,4.170164,2.971948,3.212681,3.325875,3.680906000000001,3.1358420000000002,3.698578999999999,6.023499000000001,5.087596000000003,3.5259310000000013,3.980239,5.482520999999998,1.8879709999999998,3.6639269999999993,60.195225,24.962832
0,11.829238999999992,12.149569,11.470966999999998,11.192086000000002,11.305280000000003,11.660311000000002,8.949213999999996,12.195642999999999,14.002903999999996,13.067000999999998,11.500194999999996,12.462194999999994,14.056811999999994,10.547035999999999,11.437138,60.21270057142605,25.095559512793297
0,13.050885000000001,12.706433,12.883959999999997,13.734091999999999,13.620897999999997,13.670826999999997,17.200171000000005,12.260607000000004,13.560148,14.548599,13.550829999999994,12.555357000000003,10.409937000000001,13.567805999999997,13.965354999999997,60.171548,24.731472
0,13.455421,13.110969,13.300610999999993,14.138627999999999,14.025433999999997,14.075362999999998,17.616821999999996,12.677258000000002,13.964684,14.953135,13.94456899999999,12.959893000000001,10.826587999999997,13.984456999999994,14.369890999999997,60.168971,24.724908
0,13.226255999999998,12.881803999999999,13.458885999999993,13.909462999999995,13.796268999999995,13.846197999999994,17.446775000000006,12.835533,13.735518999999996,14.723969999999998,13.721165999999997,12.730728,10.984862999999997,14.142731999999993,14.140725999999995,60.160645,24.724835
0,13.544565,13.200113000000002,13.390058999999992,14.227772,14.114577999999998,14.164506999999999,17.706269999999996,12.766705999999997,14.053828,15.042279,14.040557999999997,13.049037000000002,10.916035999999997,14.073904999999991,14.459034999999998,60.162842,24.721367
0,12.801696,12.457244000000001,12.625843999999997,13.484903,13.371708999999997,13.421637999999998,16.942055000000003,12.002491000000006,13.310958999999999,14.29941,13.302784999999997,12.306168000000001,10.151821000000002,13.309689999999996,13.716165999999998,60.174914,24.738122
0,12.661485999999996,12.317033999999998,12.505869999999994,13.344692999999996,13.231498999999994,13.281427999999995,16.822081,11.882517000000004,13.170748999999995,14.159199999999997,13.15698399999999,12.165957999999998,10.031846999999999,13.189715999999995,13.575955999999994,60.167216,24.735969
0,13.110106,12.765654,12.707854999999999,13.793312999999998,13.680118999999998,13.730047999999996,17.024066,12.084502000000004,13.619368999999999,14.60782,13.607808999999996,12.614578000000002,10.233832000000001,13.391700999999998,14.024575999999998,60.187086,24.742936
0,12.176556999999999,11.832105,12.009631999999996,12.859763999999997,12.746569999999997,12.796498999999995,16.325843,11.386279000000002,12.685819999999998,13.674271,12.676501999999997,11.681029,9.535609000000001,12.693477999999995,13.091026999999997,60.172814,24.745666
0,12.323129999999999,11.978678,12.710020999999998,13.006336999999998,12.893142999999997,12.943071999999997,16.54364900000001,12.086668000000005,12.832392999999998,13.820844,12.819177999999997,11.827602,10.235998000000002,13.393866999999997,13.237599999999997,60.156258,24.752489
0,12.651271,12.306818999999999,13.038161999999996,13.334477999999997,13.221283999999995,13.271212999999996,16.871790000000008,12.414809000000005,13.160533999999998,14.148984999999998,13.147318999999996,12.155743000000001,10.564139,13.722007999999995,13.565740999999996,60.155689,24.744978
0,12.444084,12.099632000000001,12.903257999999997,13.127291,13.014096999999998,13.064025999999998,16.664603000000007,12.279905000000007,12.953346999999999,13.941798,12.947022999999996,11.948556000000002,10.429235000000002,13.587103999999998,13.358553999999998,60.151041,24.754196
0,12.057483999999997,11.713031999999997,12.444374999999994,12.740690999999995,12.627496999999995,12.677425999999993,16.278003000000002,11.821022000000001,12.566746999999996,13.555197999999997,12.544133999999994,11.561955999999999,9.970351999999998,13.128220999999995,12.971953999999995,60.161588,24.74663
0,12.913195000000002,12.568743000000001,13.372368999999994,13.596402,13.483208,13.533136999999998,17.133714000000012,12.749016,13.422458,14.410909000000002,13.416133999999994,12.417667000000003,10.898345999999998,14.056214999999993,13.827665,60.147974,24.754344
0,12.266838000000002,11.922386000000003,12.123393999999996,12.950045,12.836851,12.886779999999998,16.439605000000004,11.500041000000005,12.776101,13.764552000000002,12.76174799999999,11.771310000000003,9.649371,12.807239999999997,13.181308,60.168441,24.743532
0,12.80085,12.456398000000002,12.657405999999996,13.484056999999998,13.370862999999998,13.420791999999997,16.973617,12.034053000000004,13.310113,14.298564,13.29575999999999,12.305322000000002,10.183383000000001,13.341251999999997,13.715319999999998,60.165603,24.732688
0,13.280016999999999,12.935565,13.104164999999993,13.963223999999999,13.850029999999997,13.899958999999997,17.420375999999997,12.480812000000002,13.789279999999998,14.777731,13.781105999999994,12.784489,10.630141999999998,13.788010999999994,14.194486999999997,60.174524,24.729314
0,13.199144,12.854692000000002,13.586034999999994,13.882350999999998,13.769156999999998,13.819085999999997,17.419663000000007,12.962682000000001,13.708407,14.696858,13.695191999999997,12.703616000000002,11.112011999999998,14.269880999999994,14.113613999999998,60.152343,24.741234
0,12.527804999999999,12.183352999999999,12.914695999999996,13.211011999999997,13.097817999999995,13.147746999999995,16.748324000000007,12.291343000000005,13.037067999999998,14.025519,12.975630999999996,12.032277,10.440673,13.598541999999997,13.442274999999997,60.160015,24.741294
0,12.881324999999999,12.536873,13.268215999999994,13.564531999999998,13.451337999999996,13.501266999999997,17.101844000000007,12.644863,13.390587999999997,14.379038999999999,13.383446999999997,12.385797,10.794192999999998,13.952061999999993,13.795794999999996,60.156755,24.737664
0,13.439943999999999,13.095492,13.826834999999996,14.123150999999998,14.009956999999996,14.059885999999997,17.660463000000004,13.203482000000003,13.949206999999998,14.937657999999999,13.935991999999999,12.944416,11.352812,14.510680999999995,14.354413999999997,60.153737,24.729112
0,5.929091,6.740711999999999,4.150585,6.963148000000002,7.076342000000002,7.328471999999999,7.904376999999999,4.635862,8.51306,8.725543999999998,7.172756999999999,5.836486000000002,3.730336999999999,4.480889000000001,7.622999999999999,60.21661653745581,24.89954369574049
0,8.326146000000001,9.070007000000004,7.103190999999999,9.589708000000003,9.476514000000003,9.669476999999999,11.419402000000002,6.488248000000002,10.566793999999998,11.066548999999995,9.563706999999999,8.004672000000001,4.985033,7.787037,9.964004999999998,60.209017,24.835356
0,4.084038,5.168916,2.579942,5.0547,5.167894000000001,5.522925,5.995929,3.326410999999999,7.149414999999998,6.929615000000003,5.380184,4.420226000000001,3.72799,2.5724410000000004,5.722952000000003,60.206626437691405,24.922219888430064
0,9.784804999999999,10.105134999999999,9.426533000000003,9.147652,9.260846,9.615877000000001,6.903915999999999,10.151209000000003,11.958469999999993,11.022566999999997,9.441907999999996,10.417760999999999,12.012377999999996,8.502602000000001,9.392704000000002,60.206340232662725,25.06009233354084
0,9.469387999999997,9.789717999999995,9.111116000000004,8.832234999999997,8.945428999999999,9.300459999999998,6.694177999999997,9.835792000000003,11.643052999999991,10.707149999999995,9.149892999999997,10.102343999999995,11.696961,8.187185000000001,9.077286999999998,60.215063371665806,25.04379377901174
0,6.137714999999999,6.949336,4.359209,7.1717720000000025,7.284966000000003,7.537095999999998,8.113000999999999,4.8691640000000005,8.746362,8.934167999999996,7.381380999999998,6.069788000000003,3.958134999999999,4.689513000000001,7.831623999999999,60.218088561019165,24.89505934373838
0,8.387618,9.160313000000002,6.913333,9.668304000000006,9.555110000000004,9.748073,10.853772999999999,6.745308000000001,10.823853999999999,11.145144999999998,9.597011999999994,8.184992,5.400542000000001,7.3639399999999995,10.042601000000001,60.226769960915966,24.85354095884256
0,6.752831,7.837708999999997,5.326689,7.639559000000003,7.752753000000004,8.107784000000002,7.913565999999997,6.12726,9.851722999999998,9.514473999999998,7.964884999999999,7.089018999999998,6.544521999999998,5.199749,8.307811000000003,60.2303828883575,24.9325030021005
0,6.420699000000002,7.164559999999999,5.197744000000002,7.684261,7.571067,7.764030000000001,9.513955000000001,4.582801000000001,8.661347,9.161101999999998,7.658259999999999,6.099225,3.190285999999999,5.881590000000002,8.058558000000001,60.2071193,24.8559544
0,8.666758,9.410619000000004,7.4188719999999995,9.930320000000004,9.817126000000002,10.010088999999999,11.480985999999996,6.8288600000000015,10.907406000000002,11.407160999999995,9.903890999999996,8.345284000000001,5.436345,7.869478999999999,10.304616999999999,60.220467,24.83939
0,7.892994,8.704614999999999,6.114488,8.930374000000004,9.043568000000004,9.292374999999996,9.871602999999997,6.540119000000003,10.500421999999997,10.689446999999992,9.158707999999999,7.823848,5.195353000000001,6.448115000000001,9.586902999999996,60.230151499496536,24.88312884546424
0,4.788925000000001,5.5616200000000005,3.261102999999999,6.069611,5.956416999999999,6.14938,7.323216999999997,3.385674999999999,7.262872999999999,7.546452000000003,5.989321,4.586299000000002,2.7069799999999997,3.711709999999999,6.443908,60.20767995961701,24.89866789062813
0,6.817868,7.590563000000001,5.343583000000001,8.098554,7.98536,8.178323,9.405696999999996,5.1755580000000005,9.254104,9.575394999999997,8.007354999999997,6.615241999999999,3.8307919999999998,5.79419,8.472851,60.2178996331627,24.8710464686467
0,6.454683999999999,7.227379000000001,4.980399000000001,7.73537,7.622176,7.815139,9.042512999999996,4.812374000000001,8.89092,9.212210999999996,7.644170999999997,6.252058000000002,3.467608,5.431006000000002,8.109667,60.21592223543679,24.87646479282845
0,6.501842000000002,7.586719999999998,5.075700000000001,7.392108000000001,7.505302000000001,7.860333,7.676188999999997,5.876271000000001,9.600734,9.267022999999996,7.713896000000001,6.838029999999998,6.0283289999999985,4.952297999999999,8.060360000000003,60.22794236805671,24.92656476426376
0,11.588004999999997,11.243552999999999,11.974895999999996,12.271211999999997,12.158017999999995,12.207946999999995,15.808524000000004,11.351543000000001,12.097267999999996,13.085718999999997,12.084052999999995,11.092476999999999,9.500873,12.658741999999995,12.502474999999995,60.161138,24.756272
0,13.268971,12.924519000000002,13.728144999999996,13.952178,13.838983999999998,13.888912999999999,17.48949000000001,13.104792000000005,13.778234000000001,14.766685,13.771909999999993,12.773443000000002,11.254122,14.411990999999997,14.183440999999998,60.147921,24.741546
0,9.048386000000002,9.792247000000005,7.825431,10.311948000000006,10.198754000000005,10.391717,12.141642000000001,7.2104880000000025,11.289033999999997,11.788788999999998,10.285947,8.726912000000002,5.697445999999999,8.509276999999999,10.686245000000001,60.216222,24.821932
0,9.784528000000002,10.528389000000004,8.561572999999994,11.048090000000006,10.934896000000004,11.127859,12.877783999999998,7.94663,12.025175999999998,12.524930999999997,11.022089,9.463054000000001,6.4335879999999985,9.245418999999995,11.422387,60.221019,24.813109
0,10.117636999999998,10.861498000000005,8.894681999999994,11.381199000000002,11.268005,11.460967999999998,13.192188999999996,8.279739000000001,12.358284999999999,12.858039999999994,11.355197999999998,9.796163000000002,6.766697,9.578527999999995,11.755495999999997,60.223769,24.812271
0,9.625081000000002,10.368942000000008,8.402125999999996,10.888643000000005,10.775449000000004,10.968412,12.718337,7.7871830000000015,11.865729000000002,12.365483999999997,10.866163000000006,9.303607000000005,6.274140999999999,9.085971999999996,11.26294,60.214666,24.800486
0,9.357609000000004,10.101470000000006,8.134654,10.621171000000007,10.507977000000006,10.700940000000003,12.450865,7.519711000000002,11.598257,12.098011999999999,10.599147000000002,9.036135000000003,6.006669,8.818499999999997,10.995468000000002,60.214193,24.805613
0,10.482869999999995,10.138417999999998,10.942043999999994,11.166076999999996,11.052882999999994,11.102811999999995,14.703389000000003,10.318691000000003,10.992132999999995,11.980583999999997,10.987747999999995,9.987341999999996,8.468020999999998,11.625889999999995,11.397339999999994,60.162396,24.775882
0,11.012713999999995,10.668261999999997,11.471887999999995,11.695920999999995,11.582726999999993,11.632655999999994,15.233233000000002,10.848535000000004,11.521976999999996,12.510427999999996,11.509107999999992,10.517185999999997,8.997865,12.155733999999995,11.927183999999993,60.158048,24.769864
0,11.191145999999996,10.846693999999998,11.652524999999995,11.874352999999996,11.761158999999994,11.811087999999994,15.411665000000003,11.029172000000003,11.700408999999995,12.688859999999996,11.686055999999999,10.695617999999998,9.178502,12.336370999999996,12.105615999999994,60.154941,24.773993
0,9.957162,9.61271,10.416335999999992,10.640368999999996,10.527174999999996,10.577103999999995,14.177681000000003,9.792983,10.466424999999997,11.454875999999999,10.453555999999994,9.461634000000002,7.942313,11.100181999999991,10.871631999999996,60.1624471,24.7848628
0,10.260134,11.003995000000005,9.037178999999997,11.523696000000003,11.410502000000003,11.603464999999998,13.353389999999997,8.422236000000003,12.500781999999997,13.000536999999994,11.501344000000003,9.938660000000002,6.909193999999999,9.721024999999994,11.897992999999998,60.222154,24.804898
0,10.746897999999998,11.490759,9.523942999999989,12.01046,11.897266,12.090228999999995,13.731786999999999,8.908999999999997,12.987545999999993,13.487300999999992,11.978575000000008,10.425423999999998,7.400151,10.12028,12.384756999999995,60.226379,24.804735
0,10.670312,11.414173000000003,9.447356999999991,11.933874000000003,11.820680000000003,12.013642999999998,13.763567999999994,8.832414,12.910959999999998,13.410714999999994,11.911692000000007,10.348838000000002,7.3193719999999995,10.13120299999999,12.308170999999998,60.224943,24.800971
0,6.405473000000001,7.217094,4.6269670000000005,7.442853000000003,7.556047000000003,7.804854,8.384081999999996,5.212567,9.089764999999996,9.201925999999997,7.637986999999997,6.413191,4.400162999999998,4.960594000000001,8.099382,60.22197553556329,24.903286646676616
0,6.97447,7.786091000000001,5.195964000000001,8.011850000000003,8.125044000000003,8.373851,8.910975999999998,5.834801000000003,9.711998999999997,9.770922999999996,8.219484999999999,7.035424999999998,5.131431,5.529591,8.668379000000002,60.227451,24.902832
0,7.3995229999999985,8.211143999999999,5.621016999999999,8.436903000000004,8.550097000000004,8.798903999999997,9.378131999999995,6.206596000000005,10.083793999999996,10.195975999999993,8.646099,7.407220000000001,5.258951000000001,5.954644000000001,9.093431999999996,60.229488,24.895199
0,7.735905000000002,8.820782999999995,6.309763000000002,8.569337999999997,8.682531999999997,9.037562999999995,8.722481999999998,7.110334000000001,10.834796999999998,10.444252999999991,8.927906999999998,8.072092999999999,7.233623000000001,6.175375999999999,9.166754,60.23910894200569,24.92859501499382
0,8.051717,8.863337999999995,6.273210999999999,9.089097000000002,9.202291000000002,9.451097999999995,10.030325999999997,6.858790000000003,10.735987999999995,10.84816999999999,9.306216999999997,8.059413999999999,5.651146000000001,6.6068380000000015,9.745625999999994,60.23285213757895,24.887434554817386
0,6.954853,7.7664740000000005,5.176347000000001,7.992233000000002,8.105427000000002,8.354234,8.933461999999995,5.7619260000000025,9.639123999999995,9.751305999999996,8.210945999999998,6.962549999999999,4.814281000000001,5.509974000000001,8.648762000000001,60.22534052315868,24.894792651160333
0,11.829680999999997,11.485228999999997,11.591346999999995,12.512887999999995,12.399693999999995,12.449622999999994,15.907558,10.967994000000003,12.338943999999996,13.327394999999997,12.320160999999992,11.334152999999999,9.117324,12.275192999999996,12.744150999999995,60.17471,24.752442
0,10.395884999999994,10.051432999999998,10.857263999999994,11.079091999999996,10.965897999999994,11.015826999999994,14.616404000000003,10.233911,10.905147999999995,11.893598999999996,10.890794999999995,9.900356999999996,8.383240999999998,11.541109999999993,11.310354999999994,60.1591405,24.782477
0,10.999452999999995,10.655000999999997,11.458626999999995,11.682659999999995,11.569465999999993,11.619394999999994,15.219972000000002,10.835274000000002,11.508715999999994,12.497166999999996,11.49909499999999,10.503924999999997,8.984604,12.142472999999994,11.913922999999993,60.162477,24.767831
0,12.325304999999998,11.980853,12.644355999999998,13.008511999999998,12.895317999999996,12.945246999999997,16.545824000000007,12.021003000000004,12.834567999999997,13.823018999999999,12.716324999999994,11.829777,10.170333000000003,13.328201999999997,13.239774999999996,60.163412,24.742219
0,7.701250999999998,8.473946,6.0827729999999995,8.895336000000002,8.868743,9.061705999999997,9.836564999999997,6.154038000000002,10.175199,10.458777999999993,8.899735,7.498624999999999,4.809272000000001,6.413077000000001,9.356233999999997,60.227143233822176,24.873227365442304
0,7.664433,8.408294000000001,6.196202000000002,8.927995000000001,8.814801,9.007763999999996,10.258316,5.8265350000000025,9.905081000000003,10.404835999999992,8.901993999999998,7.342959000000001,4.4340199999999985,6.646809000000002,9.302291999999996,60.218807358014985,24.85566795479381
0,7.934587,8.707282000000001,6.460302000000001,9.215273000000003,9.102079000000002,9.295041999999997,10.395099999999996,6.292277000000003,10.370823,10.692113999999995,9.149666999999996,7.731961,4.947511000000001,6.910909000000001,9.589569999999998,60.22431428805152,24.85863812462164
0,7.700621000000002,8.816275000000003,6.534940000000002,8.114102,8.227296000000003,8.582327000000001,7.737952999999999,7.335511000000001,10.902817999999996,9.989016999999999,8.433785,8.12049,7.842641999999997,5.93467,8.565348000000002,60.2332319517011,24.9579341169413
0,10.341061999999996,10.661392000000001,9.982790000000003,9.703909000000003,9.817103000000005,10.172134000000003,7.471518999999998,10.707466000000002,12.514726999999997,11.578824000000001,10.015510999999991,10.974017999999997,12.568634999999999,9.058859,9.948961,60.211446,25.065816
0,12.361291999999992,12.681621999999997,12.003019999999998,11.724139,11.837333000000001,12.192364,9.491748999999997,12.727695999999996,14.534956999999993,13.599053999999997,12.04523899999999,12.994247999999992,14.588864999999991,11.079088999999996,11.969190999999997,60.21860147844144,25.10232484990167
0,12.499661999999995,12.819992000000001,12.14139,11.862509000000001,11.975703000000003,12.330734000000001,9.606436999999996,12.866065999999998,14.673326999999995,13.737423999999999,12.172783999999996,13.132617999999995,14.727234999999993,11.217458999999998,12.107561,60.21250990784526,25.10619874297898
0,8.971919999999999,9.715781000000002,7.724033999999999,10.235482000000001,10.122288000000001,10.315250999999996,11.786147999999995,7.134022,11.212567999999997,11.712322999999992,10.209052999999995,8.650445999999999,5.7415069999999995,8.174641,10.609778999999996,60.220551,24.833536
0,10.179416000000002,10.952111,8.705130999999993,11.460102000000004,11.346908000000003,11.539871,12.645571,8.537106000000001,12.615651999999997,12.936942999999996,11.459160999999993,9.976789999999994,7.192340000000001,9.155737999999998,11.834399,60.235089,24.831397
0,10.296246,11.049634,8.821960999999995,11.569335,11.456140999999999,11.649103999999996,12.762401000000002,8.467874999999998,12.546420999999993,13.046175999999992,11.505995999999994,9.984298999999996,7.075359999999998,9.272567999999998,11.943631999999996,60.230453,24.824561
0,9.528402000000002,10.272263000000006,8.280515999999995,10.791964000000005,10.678770000000004,10.871733,12.342629999999996,7.690504000000002,11.76905,12.268804999999997,10.765985999999996,9.206928000000003,6.297989,8.731122999999997,11.166261,60.223827,24.826396
0,9.852403,10.596264000000005,8.604516999999994,11.115965000000005,11.002771000000003,11.195733999999998,12.666630999999997,8.014505,12.093050999999997,12.592805999999994,11.089535999999995,9.530929000000002,6.6219899999999985,9.055123999999998,11.490262,60.223377,24.820635
0,9.054545000000003,9.798406000000005,7.831589999999999,10.318107000000005,10.204913000000005,10.397876,12.147801000000001,7.216647000000002,11.295192999999998,11.794947999999996,10.292106000000002,8.733071000000002,5.703605,8.515435999999998,10.692404,60.216067,24.819396
0,10.694986999999998,11.438848,9.320920999999993,11.958549000000001,11.845355,12.038317999999995,13.260956000000002,8.857088999999998,12.935634999999992,13.435389999999993,11.942648999999996,10.373512999999997,7.400325999999999,9.771527999999998,12.332845999999996,60.228463,24.813871
0,10.439893999999997,11.183755,9.064716999999995,11.703456000000001,11.590262,11.783224999999995,13.004752000000003,8.601995999999998,12.680541999999992,13.18029699999999,11.685478000000002,10.118419999999997,7.209480999999998,9.515323999999996,12.077752999999996,60.227827,24.819614
0,7.2559460000000024,8.364917,5.853897000000001,7.808410000000002,7.921604000000002,8.276635,7.957216000000002,6.654468,10.378930999999998,9.683324999999998,8.166979,7.616226999999998,7.161598999999997,5.580016000000004,8.405826000000001,60.2307028705708,24.9487651621967
0,11.014548999999997,10.670096999999998,10.526087999999994,11.697755999999996,11.584561999999995,11.634490999999995,14.842298999999997,9.902735,11.523811999999996,12.512262999999997,11.518111999999995,10.519020999999999,8.052065000000002,11.209933999999993,11.929018999999995,60.180118,24.771826
